model_id,model_kind,metric,Domain (i),calib_subset,target_id,Specialist id,F_i,Specialist score,Merged/model score,n_layers,n_prompts,layer_mean_distance,layer_median_distance,layer_std_distance,layer_min_distance,layer_max_distance,min_layer,max_layer
aim_on_breadcrumbs,candidate,mmd_rbf,B_if,instruction,instr_only,instr_only,0.0369685767097967,0.8170055452865065,0.7800369685767098,36,128,0.005568887585670584,0.004185074241831899,0.007599219220721955,0.002036908408626914,0.049853235483169556,0,35
aim_on_breadcrumbs,candidate,mmd_rbf,B_reasoning_long,reasoning,instr_only,instr_only,0.05555555555555558,0.5858585858585859,0.5303030303030303,36,128,0.0032616393614767324,0.0022966653341427445,0.006026442550309092,0.0012082785833626986,0.038753632456064224,0,35
aim_on_breadcrumbs,candidate,mmd_rbf,B_reasoning_math,reasoning,reasoning_only,reasoning_only,-0.0022744503411675776,0.8208112206216831,0.8230856709628507,36,128,0.010063692966165641,0.010091633535921574,0.0029083345444533342,0.003917444031685591,0.020515553653240204,0,35
aim_on_breadcrumbs,candidate,mmd_rbf,B_uncensored,uncensored_refusal_like,uncensored_only,uncensored_only,-0.24106846165257376,0.24281690402017506,0.4838853656727488,36,128,0.062405563347662486,0.05008178390562534,0.05212922859500724,0.015604841522872448,0.24098746478557587,0,1
aim_on_breadcrumbs,candidate,projected_js,B_if,instruction,instr_only,instr_only,0.0369685767097967,0.8170055452865065,0.7800369685767098,36,128,0.057241054160840577,0.057756422451348044,0.011860381673557418,0.03486173191049602,0.10745626484276727,0,35
aim_on_breadcrumbs,candidate,projected_js,B_reasoning_long,reasoning,instr_only,instr_only,0.05555555555555558,0.5858585858585859,0.5303030303030303,36,128,0.04980969967719931,0.05099135031923652,0.008833636868205375,0.03297835796547588,0.08827726426534355,0,35
aim_on_breadcrumbs,candidate,projected_js,B_reasoning_math,reasoning,reasoning_only,reasoning_only,-0.0022744503411675776,0.8208112206216831,0.8230856709628507,36,128,0.06283622513728915,0.06320083880564198,0.004073255278569692,0.04714389465516433,0.07106418715557083,0,35
aim_on_breadcrumbs,candidate,projected_js,B_uncensored,uncensored_refusal_like,uncensored_only,uncensored_only,-0.24106846165257376,0.24281690402017506,0.4838853656727488,36,128,0.10643341011665244,0.09540149784879759,0.04135114204313764,0.06817102921195328,0.2591389070439618,0,1
aim_on_breadcrumbs__calib_general,candidate,mmd_rbf,B_if,instruction,instr_only,instr_only,0.04251386321626616,0.8170055452865065,0.7744916820702403,36,128,0.005534083621265988,0.004154206020757556,0.00756289252710579,0.002043667482212186,0.049626436084508896,0,35
aim_on_breadcrumbs__calib_general,candidate,mmd_rbf,B_reasoning_long,reasoning,instr_only,instr_only,0.10606060606060608,0.5858585858585859,0.4797979797979798,36,128,0.0032568198706333837,0.0022979313507676125,0.006003006557143871,0.0012116701109334826,0.038612306118011475,0,35
aim_on_breadcrumbs__calib_general,candidate,mmd_rbf,B_reasoning_math,reasoning,reasoning_only,reasoning_only,-0.05151630022744502,0.8208112206216831,0.8723275208491281,36,128,0.010031382139358256,0.010067158844321966,0.00290428952705435,0.003906145691871643,0.02052379585802555,0,35
aim_on_breadcrumbs__calib_general,candidate,mmd_rbf,B_uncensored,uncensored_refusal_like,uncensored_only,uncensored_only,-0.23866627725856696,0.24281690402017506,0.481483181278742,36,128,0.06229944242578414,0.04990926943719387,0.05212265627191336,0.015632862225174904,0.24096325039863586,0,1
aim_on_breadcrumbs__calib_general,candidate,projected_js,B_if,instruction,instr_only,instr_only,0.04251386321626616,0.8170055452865065,0.7744916820702403,36,128,0.05718403234863621,0.05811399922822602,0.011780396984669374,0.0347984018153511,0.10695237049367279,0,35
aim_on_breadcrumbs__calib_general,candidate,projected_js,B_reasoning_long,reasoning,instr_only,instr_only,0.10606060606060608,0.5858585858585859,0.4797979797979798,36,128,0.04976393451943295,0.050517600029706955,0.008659387185520675,0.03335529315518215,0.0868090929579921,0,35
aim_on_breadcrumbs__calib_general,candidate,projected_js,B_reasoning_math,reasoning,reasoning_only,reasoning_only,-0.05151630022744502,0.8208112206216831,0.8723275208491281,36,128,0.06279371653120809,0.06362313983845524,0.004200512742201492,0.04723009461304173,0.07110986619954929,0,35
aim_on_breadcrumbs__calib_general,candidate,projected_js,B_uncensored,uncensored_refusal_like,uncensored_only,uncensored_only,-0.23866627725856696,0.24281690402017506,0.481483181278742,36,128,0.10650132102212713,0.09570034599164501,0.04137325327183261,0.06786377722164616,0.2597652625699993,0,1
aim_on_breadcrumbs__calib_instruction,candidate,mmd_rbf,B_if,instruction,instr_only,instr_only,0.03512014787430684,0.8170055452865065,0.7818853974121996,36,128,0.005600859514541096,0.004175487207248807,0.0077235069816667294,0.0020220011938363314,0.05061529204249382,0,35
aim_on_breadcrumbs__calib_instruction,candidate,mmd_rbf,B_reasoning_long,reasoning,instr_only,instr_only,0.07070707070707072,0.5858585858585859,0.5151515151515151,36,128,0.0032641626474085366,0.0022913163993507624,0.006058162235305575,0.0011985570890828967,0.03894331306219101,0,35
aim_on_breadcrumbs__calib_instruction,candidate,mmd_rbf,B_reasoning_math,reasoning,reasoning_only,reasoning_only,-0.02197371746272425,0.8208112206216831,0.8427849380844074,36,128,0.010084755705773003,0.010110847651958466,0.002901718279436831,0.0039355456829071045,0.02044069953262806,0,35
aim_on_breadcrumbs__calib_instruction,candidate,mmd_rbf,B_uncensored,uncensored_refusal_like,uncensored_only,uncensored_only,-0.24001409286456013,0.24281690402017506,0.4828309968847352,36,128,0.06250419842803644,0.050191864371299744,0.052177514217183044,0.015603906475007534,0.24100437760353088,0,1
aim_on_breadcrumbs__calib_instruction,candidate,projected_js,B_if,instruction,instr_only,instr_only,0.03512014787430684,0.8170055452865065,0.7818853974121996,36,128,0.05745094447653779,0.05856209796911571,0.012178898686805443,0.03461874002823606,0.110026597045362,0,35
aim_on_breadcrumbs__calib_instruction,candidate,projected_js,B_reasoning_long,reasoning,instr_only,instr_only,0.07070707070707072,0.5858585858585859,0.5151515151515151,36,128,0.049715529872628395,0.05045529210474342,0.008740334555168315,0.03330392489442602,0.08772273769136518,0,35
aim_on_breadcrumbs__calib_instruction,candidate,projected_js,B_reasoning_math,reasoning,reasoning_only,reasoning_only,-0.02197371746272425,0.8208112206216831,0.8427849380844074,36,128,0.06291017453703615,0.06317112526448909,0.004353731027687249,0.046353351790457964,0.07211497123353183,0,35
aim_on_breadcrumbs__calib_instruction,candidate,projected_js,B_uncensored,uncensored_refusal_like,uncensored_only,uncensored_only,-0.24001409286456013,0.24281690402017506,0.4828309968847352,36,128,0.10634739965138983,0.09584710549097508,0.04128936453893268,0.06796123288222589,0.2592869483632967,0,1
aim_on_breadcrumbs__calib_reasoning,candidate,mmd_rbf,B_if,instruction,instr_only,instr_only,0.025878003696857665,0.8170055452865065,0.7911275415896488,36,128,0.005577431927021179,0.004178147297352552,0.007583929455135317,0.002026122761890292,0.04975534602999687,0,35
aim_on_breadcrumbs__calib_reasoning,candidate,mmd_rbf,B_reasoning_long,reasoning,instr_only,instr_only,0.05555555555555558,0.5858585858585859,0.5303030303030303,36,128,0.0032652124969495665,0.0023313885321840644,0.005973681795944663,0.0012065351475030184,0.038438037037849426,0,35
aim_on_breadcrumbs__calib_reasoning,candidate,mmd_rbf,B_reasoning_math,reasoning,reasoning_only,reasoning_only,-0.018941117007834185,0.8208112206216831,0.8397523376295173,36,128,0.010089111514389515,0.010118707083165646,0.002935927297822157,0.003921699710190296,0.020694483071565628,0,35
aim_on_breadcrumbs__calib_reasoning,candidate,mmd_rbf,B_uncensored,uncensored_refusal_like,uncensored_only,uncensored_only,-0.24016865079365077,0.24281690402017506,0.4829855548138258,36,128,0.06239851993612117,0.050087885931134224,0.05212193651676713,0.01557963527739048,0.24095581471920013,0,1
aim_on_breadcrumbs__calib_reasoning,candidate,projected_js,B_if,instruction,instr_only,instr_only,0.025878003696857665,0.8170055452865065,0.7911275415896488,36,128,0.057235335523121954,0.05832731971167959,0.011732437344561595,0.03527616205974482,0.10717913607368246,0,35
aim_on_breadcrumbs__calib_reasoning,candidate,projected_js,B_reasoning_long,reasoning,instr_only,instr_only,0.05555555555555558,0.5858585858585859,0.5303030303030303,36,128,0.049875444810620846,0.05085758304630872,0.008803527248026433,0.03305223910138011,0.0874520453508012,0,35
aim_on_breadcrumbs__calib_reasoning,candidate,projected_js,B_reasoning_math,reasoning,reasoning_only,reasoning_only,-0.018941117007834185,0.8208112206216831,0.8397523376295173,36,128,0.06284688952291617,0.06309902580687776,0.004239997116793678,0.04717699286993593,0.07179597855429165,0,35
aim_on_breadcrumbs__calib_reasoning,candidate,projected_js,B_uncensored,uncensored_refusal_like,uncensored_only,uncensored_only,-0.24016865079365077,0.24281690402017506,0.4829855548138258,36,128,0.1065235506054402,0.09546482769655995,0.04130884117476615,0.06862539306166582,0.25921296956948936,0,1
aim_on_breadcrumbs__calib_uncensored_refusal_like,candidate,mmd_rbf,B_if,instruction,instr_only,instr_only,0.02402957486136781,0.8170055452865065,0.7929759704251387,36,128,0.005502407354975326,0.004138831980526447,0.007499236881311552,0.0020685165654867887,0.04922158271074295,0,35
aim_on_breadcrumbs__calib_uncensored_refusal_like,candidate,mmd_rbf,B_reasoning_long,reasoning,instr_only,instr_only,0.09595959595959597,0.5858585858585859,0.4898989898989899,36,128,0.003223608522805282,0.002271773759275675,0.0059530386121004805,0.0012256443733349442,0.03829128295183182,0,35
aim_on_breadcrumbs__calib_uncensored_refusal_like,candidate,mmd_rbf,B_reasoning_math,reasoning,reasoning_only,reasoning_only,-0.03674500884508469,0.8208112206216831,0.8575562294667678,36,128,0.01001681552346175,0.010055218823254108,0.0029285607314402133,0.00383775238879025,0.020778411999344826,0,35
aim_on_breadcrumbs__calib_uncensored_refusal_like,candidate,mmd_rbf,B_uncensored,uncensored_refusal_like,uncensored_only,uncensored_only,-0.21634030559264203,0.24281690402017506,0.4591572096128171,36,128,0.06234821444377303,0.049904730170965195,0.05214360120300137,0.015905428677797318,0.24112677574157715,0,1
aim_on_breadcrumbs__calib_uncensored_refusal_like,candidate,projected_js,B_if,instruction,instr_only,instr_only,0.02402957486136781,0.8170055452865065,0.7929759704251387,36,128,0.056879296949167234,0.05764024671225343,0.011714529128596446,0.034806414718332235,0.10715964663540944,0,35
aim_on_breadcrumbs__calib_uncensored_refusal_like,candidate,projected_js,B_reasoning_long,reasoning,instr_only,instr_only,0.09595959595959597,0.5858585858585859,0.4898989898989899,36,128,0.04953349676401962,0.050349063298199326,0.008500342538712626,0.0332388389215339,0.08642669481923804,0,35
aim_on_breadcrumbs__calib_uncensored_refusal_like,candidate,projected_js,B_reasoning_math,reasoning,reasoning_only,reasoning_only,-0.03674500884508469,0.8208112206216831,0.8575562294667678,36,128,0.06256390585783972,0.06357896394911222,0.004276358632664664,0.04617127752862871,0.07009859086247161,0,35
aim_on_breadcrumbs__calib_uncensored_refusal_like,candidate,projected_js,B_uncensored,uncensored_refusal_like,uncensored_only,uncensored_only,-0.21634030559264203,0.24281690402017506,0.4591572096128171,36,128,0.10647129647016602,0.09567360478104092,0.041252540211825096,0.06806932992185466,0.2584712406678591,0,1
aim_on_dare,candidate,mmd_rbf,B_if,instruction,instr_only,instr_only,0.30868761552680224,0.8170055452865065,0.5083179297597042,36,128,0.005945126335265943,0.005572143942117691,0.005253588923120412,0.001811960362829268,0.035790830850601196,0,35
aim_on_dare,candidate,mmd_rbf,B_reasoning_long,reasoning,instr_only,instr_only,0.0505050505050505,0.5858585858585859,0.5353535353535354,36,128,0.003110312837331245,0.002739901770837605,0.003382773553870777,0.0010561704402789474,0.022710448130965233,0,35
aim_on_dare,candidate,mmd_rbf,B_reasoning_math,reasoning,reasoning_only,reasoning_only,0.08181703310588828,0.8208112206216831,0.7389941875157948,36,128,0.010812043238224255,0.010596314910799265,0.0045850304143318565,0.0045071872882544994,0.03227708861231804,0,35
aim_on_dare,candidate,mmd_rbf,B_uncensored,uncensored_refusal_like,uncensored_only,uncensored_only,-0.21095497700637886,0.24281690402017506,0.4537718810265539,36,128,0.056827045899505414,0.04563136771321297,0.04806468650249651,0.013200736604630947,0.22410069406032562,0,1
aim_on_dare,candidate,projected_js,B_if,instruction,instr_only,instr_only,0.30868761552680224,0.8170055452865065,0.5083179297597042,36,128,0.05866933955823899,0.059933154538157396,0.009506244371913213,0.03492840370745398,0.09336494182934985,0,35
aim_on_dare,candidate,projected_js,B_reasoning_long,reasoning,instr_only,instr_only,0.0505050505050505,0.5858585858585859,0.5353535353535354,36,128,0.05031383427356357,0.051987727245432325,0.0067004984967092,0.03303126178798266,0.07198058994254097,0,35
aim_on_dare,candidate,projected_js,B_reasoning_math,reasoning,reasoning_only,reasoning_only,0.08181703310588828,0.8208112206216831,0.7389941875157948,36,128,0.06436423680982746,0.06461956970451865,0.004675369191697977,0.04908835163223557,0.08156104807858355,0,35
aim_on_dare,candidate,projected_js,B_uncensored,uncensored_refusal_like,uncensored_only,uncensored_only,-0.21095497700637886,0.24281690402017506,0.4537718810265539,36,128,0.10265024130543073,0.09121537109604105,0.03911813714340502,0.06320051968214102,0.24776336428476498,0,1
aim_on_dare__calib_general,candidate,mmd_rbf,B_if,instruction,instr_only,instr_only,0.2939001848428836,0.8170055452865065,0.5231053604436229,36,128,0.005933043611649837,0.005655307788401842,0.005208211389704168,0.0018213093280792236,0.03551549091935158,0,35
aim_on_dare__calib_general,candidate,mmd_rbf,B_reasoning_long,reasoning,instr_only,instr_only,0.015151515151515138,0.5858585858585859,0.5707070707070707,36,128,0.0031124175164020723,0.002771460567601025,0.0033826630602103312,0.0010590404272079468,0.022710666060447693,0,35
aim_on_dare__calib_general,candidate,mmd_rbf,B_reasoning_math,reasoning,reasoning_only,reasoning_only,0.04848369977255507,0.8208112206216831,0.772327520849128,36,128,0.010800259795764254,0.010584725998342037,0.0045793765309698,0.004496520850807428,0.03220843896269798,0,35
aim_on_dare__calib_general,candidate,mmd_rbf,B_uncensored,uncensored_refusal_like,uncensored_only,uncensored_only,-0.21616627725856694,0.24281690402017506,0.458983181278742,36,128,0.056649990741991334,0.04537089914083481,0.04802262777470492,0.013213777914643288,0.22379076480865479,0,1
aim_on_dare__calib_general,candidate,projected_js,B_if,instruction,instr_only,instr_only,0.2939001848428836,0.8170055452865065,0.5231053604436229,36,128,0.05902453239509163,0.06047689875413198,0.00956733516307343,0.034625805041287094,0.09402302908711135,0,35
aim_on_dare__calib_general,candidate,projected_js,B_reasoning_long,reasoning,instr_only,instr_only,0.015151515151515138,0.5858585858585859,0.5707070707070707,36,128,0.05046932133336668,0.05240911367582157,0.00669233448640109,0.03339351172326133,0.07218314951751381,0,35
aim_on_dare__calib_general,candidate,projected_js,B_reasoning_math,reasoning,reasoning_only,reasoning_only,0.04848369977255507,0.8208112206216831,0.772327520849128,36,128,0.06442283961465971,0.0646045998291811,0.004717919040001618,0.04886344209080562,0.08038176241097972,0,35
aim_on_dare__calib_general,candidate,projected_js,B_uncensored,uncensored_refusal_like,uncensored_only,uncensored_only,-0.21616627725856694,0.24281690402017506,0.458983181278742,36,128,0.1024313801301307,0.09103196818614379,0.039174919034731255,0.06353194086113945,0.2477655034745112,0,1
aim_on_dare__calib_instruction,candidate,mmd_rbf,B_if,instruction,instr_only,instr_only,0.30868761552680224,0.8170055452865065,0.5083179297597042,36,128,0.005961768536104096,0.005429217591881752,0.005335190651457433,0.0017959773540496826,0.036284010857343674,0,35
aim_on_dare__calib_instruction,candidate,mmd_rbf,B_reasoning_long,reasoning,instr_only,instr_only,0.08585858585858586,0.5858585858585859,0.5,36,128,0.0031047421895588436,0.0027276139007881284,0.00342231812911028,0.0010486692190170288,0.022953003644943237,0,35
aim_on_dare__calib_instruction,candidate,mmd_rbf,B_reasoning_math,reasoning,reasoning_only,reasoning_only,0.05075815011372253,0.8208112206216831,0.7700530705079606,36,128,0.010824500259736346,0.010620159562677145,0.004542662740712445,0.004545468371361494,0.03203444927930832,0,35
aim_on_dare__calib_instruction,candidate,mmd_rbf,B_uncensored,uncensored_refusal_like,uncensored_only,uncensored_only,-0.21786428200563715,0.24281690402017506,0.4606811860258122,36,128,0.05694087271371649,0.04576140269637108,0.04812913967883621,0.013175315223634243,0.22423231601715088,0,1
aim_on_dare__calib_instruction,candidate,projected_js,B_if,instruction,instr_only,instr_only,0.30868761552680224,0.8170055452865065,0.5083179297597042,36,128,0.058881788991129724,0.06056796418852173,0.009469054934011917,0.034916474178317,0.09432530112098902,0,35
aim_on_dare__calib_instruction,candidate,projected_js,B_reasoning_long,reasoning,instr_only,instr_only,0.08585858585858586,0.5858585858585859,0.5,36,128,0.05051932692650654,0.05205690846196376,0.00687597920040684,0.033125223766546696,0.07273602770874277,0,35
aim_on_dare__calib_instruction,candidate,projected_js,B_reasoning_math,reasoning,reasoning_only,reasoning_only,0.05075815011372253,0.8208112206216831,0.7700530705079606,36,128,0.06427411517062057,0.06460512154444586,0.004652775950362434,0.04794446169398725,0.08009238104568794,0,35
aim_on_dare__calib_instruction,candidate,projected_js,B_uncensored,uncensored_refusal_like,uncensored_only,uncensored_only,-0.21786428200563715,0.24281690402017506,0.4606811860258122,36,128,0.10292152153366867,0.09161655326897744,0.03901711711783464,0.06312485746457241,0.24701120116515085,0,1
aim_on_dare__calib_reasoning,candidate,mmd_rbf,B_if,instruction,instr_only,instr_only,0.28835489833641403,0.8170055452865065,0.5286506469500925,36,128,0.005962196992994804,0.005498754559084773,0.005241088128431621,0.0017995060188695788,0.0356830470263958,0,35
aim_on_dare__calib_reasoning,candidate,mmd_rbf,B_reasoning_long,reasoning,instr_only,instr_only,0.09090909090909088,0.5858585858585859,0.494949494949495,36,128,0.003129010431520227,0.002747419523075223,0.0033964952582020338,0.001050460385158658,0.022793395444750786,0,35
aim_on_dare__calib_reasoning,candidate,mmd_rbf,B_reasoning_math,reasoning,reasoning_only,reasoning_only,0.0803007328784433,0.8208112206216831,0.7405104877432398,36,128,0.010839643797630237,0.010643196292221546,0.004572686260143299,0.004532295744866133,0.03219155594706535,0,35
aim_on_dare__calib_reasoning,candidate,mmd_rbf,B_uncensored,uncensored_refusal_like,uncensored_only,uncensored_only,-0.21111250185432426,0.24281690402017506,0.4539294058744993,36,128,0.056838818127289414,0.045679742470383644,0.04808645493200489,0.013169622980058193,0.22418175637722015,0,1
aim_on_dare__calib_reasoning,candidate,projected_js,B_if,instruction,instr_only,instr_only,0.28835489833641403,0.8170055452865065,0.5286506469500925,36,128,0.05904408758639571,0.06114329694537446,0.009634629414035874,0.034769725702062715,0.09362214780412614,0,35
aim_on_dare__calib_reasoning,candidate,projected_js,B_reasoning_long,reasoning,instr_only,instr_only,0.09090909090909088,0.5858585858585859,0.494949494949495,36,128,0.05040196147335033,0.051994840512634255,0.00674514728954835,0.03383318010310177,0.07284839218482375,0,35
aim_on_dare__calib_reasoning,candidate,projected_js,B_reasoning_math,reasoning,reasoning_only,reasoning_only,0.0803007328784433,0.8208112206216831,0.7405104877432398,36,128,0.06434005426732863,0.06426407300750725,0.00458849924079168,0.04937187975156121,0.08105704246554524,0,35
aim_on_dare__calib_reasoning,candidate,projected_js,B_uncensored,uncensored_refusal_like,uncensored_only,uncensored_only,-0.21111250185432426,0.24281690402017506,0.4539294058744993,36,128,0.10276496023167662,0.09185645048273727,0.03904944341905482,0.0628511155518936,0.2474557198002003,0,1
aim_on_dare__calib_uncensored_refusal_like,candidate,mmd_rbf,B_if,instruction,instr_only,instr_only,0.2975970425138632,0.8170055452865065,0.5194085027726433,36,128,0.005882834789291438,0.005566947162151337,0.0050901426715667724,0.0018201649654656649,0.034740034490823746,0,35
aim_on_dare__calib_uncensored_refusal_like,candidate,mmd_rbf,B_reasoning_long,reasoning,instr_only,instr_only,0.0757575757575758,0.5858585858585859,0.51010101010101,36,128,0.003068650215734831,0.0027423998108133674,0.0033084043198598387,0.0010580987436696887,0.022238900884985924,0,35
aim_on_dare__calib_uncensored_refusal_like,candidate,mmd_rbf,B_reasoning_math,reasoning,reasoning_only,reasoning_only,0.06628759160980535,0.8208112206216831,0.7545236290118778,36,128,0.010775273795136146,0.01054949639365077,0.004646559419801819,0.004448845982551575,0.03273463994264603,0,35
aim_on_dare__calib_uncensored_refusal_like,candidate,mmd_rbf,B_uncensored,uncensored_refusal_like,uncensored_only,uncensored_only,-0.22141865079365078,0.24281690402017506,0.46423555481382583,36,128,0.05672217088027133,0.04537711478769779,0.04805576910202167,0.01334008015692234,0.2240922451019287,0,1
aim_on_dare__calib_uncensored_refusal_like,candidate,projected_js,B_if,instruction,instr_only,instr_only,0.2975970425138632,0.8170055452865065,0.5194085027726433,36,128,0.058832742598396076,0.060379169721272774,0.009283914014329297,0.035081020861980505,0.09301125857746229,0,35
aim_on_dare__calib_uncensored_refusal_like,candidate,projected_js,B_reasoning_long,reasoning,instr_only,instr_only,0.0757575757575758,0.5858585858585859,0.51010101010101,36,128,0.05059542832976957,0.052587795216823,0.006511074129388892,0.03326516423840076,0.07008157361997291,0,35
aim_on_dare__calib_uncensored_refusal_like,candidate,projected_js,B_reasoning_math,reasoning,reasoning_only,reasoning_only,0.06628759160980535,0.8208112206216831,0.7545236290118778,36,128,0.06424734583561076,0.06431114670704119,0.004679879151843379,0.04936763676232658,0.08171590056736022,0,35
aim_on_dare__calib_uncensored_refusal_like,candidate,projected_js,B_uncensored,uncensored_refusal_like,uncensored_only,uncensored_only,-0.22141865079365078,0.24281690402017506,0.46423555481382583,36,128,0.10250281796470517,0.0916904541227268,0.03915158570849439,0.06308128556702286,0.24772862237296067,0,1
aim_on_della,candidate,mmd_rbf,B_if,instruction,instr_only,instr_only,0.31238447319778195,0.8170055452865065,0.5046210720887245,36,128,0.0057876225231060134,0.0055317082442343235,0.0050553453590177775,0.0018349975580349565,0.034507300704717636,0,35
aim_on_della,candidate,mmd_rbf,B_reasoning_long,reasoning,instr_only,instr_only,0.07070707070707072,0.5858585858585859,0.5151515151515151,36,128,0.0030870000288511315,0.002677725860849023,0.0034467944653603718,0.0010605037678033113,0.023097841069102287,0,35
aim_on_della,candidate,mmd_rbf,B_reasoning_math,reasoning,reasoning_only,reasoning_only,0.04696739954510998,0.8208112206216831,0.7738438210765731,36,128,0.010815882292162213,0.010587445925921202,0.004536601507718544,0.004480504896491766,0.031905580312013626,0,35
aim_on_della,candidate,mmd_rbf,B_uncensored,uncensored_refusal_like,uncensored_only,uncensored_only,-0.21448987538940809,0.24281690402017506,0.45730677940958314,36,128,0.056370737238062754,0.04487608000636101,0.048235327589220646,0.013128602877259254,0.2247840017080307,0,1
aim_on_della,candidate,projected_js,B_if,instruction,instr_only,instr_only,0.31238447319778195,0.8170055452865065,0.5046210720887245,36,128,0.05878443692240075,0.06094018883595709,0.009401768411007783,0.03577157450490631,0.09208514814963564,0,35
aim_on_della,candidate,projected_js,B_reasoning_long,reasoning,instr_only,instr_only,0.07070707070707072,0.5858585858585859,0.5151515151515151,36,128,0.05040246573561388,0.0518223940016469,0.0072489474834424444,0.0316487359959865,0.07429534327820875,0,35
aim_on_della,candidate,projected_js,B_reasoning_math,reasoning,reasoning_only,reasoning_only,0.04696739954510998,0.8208112206216831,0.7738438210765731,36,128,0.06417956402421826,0.0646031870128354,0.004711021196000032,0.048578475456452,0.08088783430866897,0,35
aim_on_della,candidate,projected_js,B_uncensored,uncensored_refusal_like,uncensored_only,uncensored_only,-0.21448987538940809,0.24281690402017506,0.45730677940958314,36,128,0.1023497346658486,0.09071507584303617,0.03959500622496067,0.06382555978780147,0.24996984412427992,0,1
aim_on_della__calib_general,candidate,mmd_rbf,B_if,instruction,instr_only,instr_only,0.31608133086876156,0.8170055452865065,0.5009242144177449,36,128,0.005774630712241762,0.005602569319307804,0.005029729237501276,0.0018353939522057772,0.03435380384325981,0,35
aim_on_della__calib_general,candidate,mmd_rbf,B_reasoning_long,reasoning,instr_only,instr_only,0.05555555555555558,0.5858585858585859,0.5303030303030303,36,128,0.0030844159353162265,0.0026815527817234397,0.003444468749258696,0.0010617912048473954,0.023084474727511406,0,35
aim_on_della__calib_general,candidate,mmd_rbf,B_reasoning_math,reasoning,reasoning_only,reasoning_only,0.01552944149608293,0.8208112206216831,0.8052817791256002,36,128,0.010811259737238288,0.010580910835415125,0.004538505425423192,0.0044790953397750854,0.031908296048641205,0,35
aim_on_della__calib_general,candidate,mmd_rbf,B_uncensored,uncensored_refusal_like,uncensored_only,uncensored_only,-0.217678385996143,0.24281690402017506,0.46049529001631806,36,128,0.056199409145240985,0.044647205621004105,0.04816067401872309,0.013138211332261562,0.22444100677967072,0,1
aim_on_della__calib_general,candidate,projected_js,B_if,instruction,instr_only,instr_only,0.31608133086876156,0.8170055452865065,0.5009242144177449,36,128,0.05878813255104534,0.06154664333735127,0.009155260049309036,0.035499029254424386,0.09127380250720307,0,35
aim_on_della__calib_general,candidate,projected_js,B_reasoning_long,reasoning,instr_only,instr_only,0.05555555555555558,0.5858585858585859,0.5303030303030303,36,128,0.05060476287649686,0.05233284836867824,0.007095654900254508,0.031724396540084854,0.07278982357820496,0,35
aim_on_della__calib_general,candidate,projected_js,B_reasoning_math,reasoning,reasoning_only,reasoning_only,0.01552944149608293,0.8208112206216831,0.8052817791256002,36,128,0.06427008109474425,0.06441796891158447,0.004637817963065178,0.04897148851887323,0.08034866739762947,0,35
aim_on_della__calib_general,candidate,projected_js,B_uncensored,uncensored_refusal_like,uncensored_only,uncensored_only,-0.217678385996143,0.24281690402017506,0.46049529001631806,36,128,0.10223980966232678,0.08989765387377702,0.039427909937675885,0.06333908664237242,0.24974609282799065,0,1
aim_on_della__calib_instruction,candidate,mmd_rbf,B_if,instruction,instr_only,instr_only,0.30868761552680224,0.8170055452865065,0.5083179297597042,36,128,0.005813360236869711,0.0053987877909094095,0.00515563866041828,0.0018147797090932727,0.03512880951166153,0,35
aim_on_della__calib_instruction,candidate,mmd_rbf,B_reasoning_long,reasoning,instr_only,instr_only,0.08080808080808077,0.5858585858585859,0.5050505050505051,36,128,0.0030812930716719064,0.0026895186165347695,0.0034671943028870777,0.0010534286266192794,0.02322262153029442,0,35
aim_on_della__calib_instruction,candidate,mmd_rbf,B_reasoning_math,reasoning,reasoning_only,reasoning_only,0.03295425827647214,0.8208112206216831,0.787856962345211,36,128,0.010829507114572657,0.010619041975587606,0.004509991334885355,0.00452061602845788,0.03175736963748932,0,35
aim_on_della__calib_instruction,candidate,mmd_rbf,B_uncensored,uncensored_refusal_like,uncensored_only,uncensored_only,-0.2093636886218662,0.24281690402017506,0.45218059264204125,36,128,0.056476543916182384,0.04502054862678051,0.048287328699582806,0.013104379177093506,0.22485987842082977,0,1
aim_on_della__calib_instruction,candidate,projected_js,B_if,instruction,instr_only,instr_only,0.30868761552680224,0.8170055452865065,0.5083179297597042,36,128,0.058658929400230084,0.06091664578707423,0.009376568458929256,0.03499594682944007,0.09222867456264794,0,35
aim_on_della__calib_instruction,candidate,projected_js,B_reasoning_long,reasoning,instr_only,instr_only,0.08080808080808077,0.5858585858585859,0.5050505050505051,36,128,0.050189513078092,0.05151578725781292,0.007146993668823283,0.03142649162327871,0.07315782352816314,0,35
aim_on_della__calib_instruction,candidate,projected_js,B_reasoning_math,reasoning,reasoning_only,reasoning_only,0.03295425827647214,0.8208112206216831,0.787856962345211,36,128,0.06427119514895215,0.06411061904509552,0.004748382093113461,0.04870231912354939,0.08114339457824826,0,35
aim_on_della__calib_instruction,candidate,projected_js,B_uncensored,uncensored_refusal_like,uncensored_only,uncensored_only,-0.2093636886218662,0.24281690402017506,0.45218059264204125,36,128,0.10271220860158792,0.09163421878474765,0.03916234193819342,0.06351838502450846,0.24842856900068,0,1
aim_on_della__calib_reasoning,candidate,mmd_rbf,B_if,instruction,instr_only,instr_only,0.3068391866913124,0.8170055452865065,0.5101663585951941,36,128,0.00581373900705431,0.005473137833178043,0.005052631864711798,0.0018155098659917712,0.034471120685338974,0,35
aim_on_della__calib_reasoning,candidate,mmd_rbf,B_reasoning_long,reasoning,instr_only,instr_only,0.06060606060606055,0.5858585858585859,0.5252525252525253,36,128,0.0031031711615570304,0.0026993333594873548,0.003453291792452875,0.00105227530002594,0.023135364055633545,0,35
aim_on_della__calib_reasoning,candidate,mmd_rbf,B_reasoning_math,reasoning,reasoning_only,reasoning_only,0.04734647460197117,0.8208112206216831,0.7734647460197119,36,128,0.010842929374323122,0.010641833301633596,0.004534354759920643,0.004514283034950495,0.031891416758298874,0,35
aim_on_della__calib_reasoning,candidate,mmd_rbf,B_uncensored,uncensored_refusal_like,uncensored_only,uncensored_only,-0.2213335373090046,0.24281690402017506,0.46415044132917965,36,128,0.056393334564442434,0.04491692595183849,0.0482626010164207,0.013105916790664196,0.22483022511005402,0,1
aim_on_della__calib_reasoning,candidate,projected_js,B_if,instruction,instr_only,instr_only,0.3068391866913124,0.8170055452865065,0.5101663585951941,36,128,0.05868833658193277,0.060826726257801056,0.009431670215024479,0.03498431283514947,0.09271200298098847,0,35
aim_on_della__calib_reasoning,candidate,projected_js,B_reasoning_long,reasoning,instr_only,instr_only,0.06060606060606055,0.5858585858585859,0.5252525252525253,36,128,0.05018723186044048,0.05157453045831062,0.0071116929609108745,0.03136121577699669,0.07320415548747405,0,35
aim_on_della__calib_reasoning,candidate,projected_js,B_reasoning_math,reasoning,reasoning_only,reasoning_only,0.04734647460197117,0.8208112206216831,0.7734647460197119,36,128,0.06420804811447549,0.06449128399253823,0.004589579672370584,0.04916179121937603,0.0811408229637891,0,35
aim_on_della__calib_reasoning,candidate,projected_js,B_uncensored,uncensored_refusal_like,uncensored_only,uncensored_only,-0.2213335373090046,0.24281690402017506,0.46415044132917965,36,128,0.10230987813863773,0.09038264135597274,0.03933605202109763,0.06266825745115057,0.24908786080777645,0,1
aim_on_della__calib_uncensored_refusal_like,candidate,mmd_rbf,B_if,instruction,instr_only,instr_only,0.3068391866913124,0.8170055452865065,0.5101663585951941,36,128,0.0057314730010047145,0.005519374273717403,0.004912822982909541,0.0018441200954839587,0.03359810262918472,0,35
aim_on_della__calib_uncensored_refusal_like,candidate,mmd_rbf,B_reasoning_long,reasoning,instr_only,instr_only,0.08080808080808077,0.5858585858585859,0.5050505050505051,36,128,0.0030462289578281343,0.0026666420744732022,0.00335843393111069,0.0010643780697137117,0.02254154346883297,0,35
aim_on_della__calib_uncensored_refusal_like,candidate,mmd_rbf,B_reasoning_math,reasoning,reasoning_only,reasoning_only,0.014013141268637952,0.8208112206216831,0.8067980793530451,36,128,0.010785082471556962,0.010551742278039455,0.004605337859670992,0.004444304388016462,0.032415930181741714,0,35
aim_on_della__calib_uncensored_refusal_like,candidate,mmd_rbf,B_uncensored,uncensored_refusal_like,uncensored_only,uncensored_only,-0.20952501483459426,0.24281690402017506,0.4523419188547693,36,128,0.05624791020010081,0.04461236856877804,0.048182633368073685,0.013238114304840565,0.2246277779340744,0,1
aim_on_della__calib_uncensored_refusal_like,candidate,projected_js,B_if,instruction,instr_only,instr_only,0.3068391866913124,0.8170055452865065,0.5101663585951941,36,128,0.05877987419565519,0.06121997821901459,0.00918315295122429,0.034661883022636175,0.0906608299119398,0,35
aim_on_della__calib_uncensored_refusal_like,candidate,projected_js,B_reasoning_long,reasoning,instr_only,instr_only,0.08080808080808077,0.5858585858585859,0.5050505050505051,36,128,0.05037651075690519,0.052060514863114804,0.007053739773118962,0.031489328772295266,0.07309003360569477,0,35
aim_on_della__calib_uncensored_refusal_like,candidate,projected_js,B_reasoning_math,reasoning,reasoning_only,reasoning_only,0.014013141268637952,0.8208112206216831,0.8067980793530451,36,128,0.06434118348584485,0.06440516568545718,0.004568310846018264,0.04869094438618049,0.08094063174212351,0,35
aim_on_della__calib_uncensored_refusal_like,candidate,projected_js,B_uncensored,uncensored_refusal_like,uncensored_only,uncensored_only,-0.20952501483459426,0.24281690402017506,0.4523419188547693,36,128,0.10224676970877529,0.09050286404090002,0.03930216659240609,0.06146497160079889,0.248781455331482,0,1
aim_on_task_arithmetic,candidate,mmd_rbf,B_if,instruction,instr_only,instr_only,0.31608133086876156,0.8170055452865065,0.5009242144177449,36,128,0.005603007797617465,0.004857754800468683,0.005045870361898846,0.0016439259052276611,0.034113600850105286,0,35
aim_on_task_arithmetic,candidate,mmd_rbf,B_reasoning_long,reasoning,instr_only,instr_only,0.045454545454545414,0.5858585858585859,0.5404040404040404,36,128,0.0028967590478714556,0.0024319790536537766,0.003460201142323486,0.000971356057561934,0.02300252392888069,0,35
aim_on_task_arithmetic,candidate,mmd_rbf,B_reasoning_math,reasoning,reasoning_only,reasoning_only,0.07047005307050802,0.8208112206216831,0.7503411675511751,36,128,0.010303684846601553,0.010288733523339033,0.004473891097630397,0.004436215851455927,0.031308334320783615,0,35
aim_on_task_arithmetic,candidate,mmd_rbf,B_uncensored,uncensored_refusal_like,uncensored_only,uncensored_only,-0.22357439549028332,0.24281690402017506,0.4663912995104584,36,128,0.058234869942276016,0.046968746930360794,0.04877781923747972,0.013188826851546764,0.22816602885723114,0,1
aim_on_task_arithmetic,candidate,projected_js,B_if,instruction,instr_only,instr_only,0.31608133086876156,0.8170055452865065,0.5009242144177449,36,128,0.05802560876165646,0.06014088637311943,0.009875726175852756,0.03317388182040304,0.09161156002664939,0,35
aim_on_task_arithmetic,candidate,projected_js,B_reasoning_long,reasoning,instr_only,instr_only,0.045454545454545414,0.5858585858585859,0.5404040404040404,36,128,0.04893192235087756,0.05054751406714786,0.006953160481468352,0.030543298940756358,0.07116170215886086,0,35
aim_on_task_arithmetic,candidate,projected_js,B_reasoning_math,reasoning,reasoning_only,reasoning_only,0.07047005307050802,0.8208112206216831,0.7503411675511751,36,128,0.06337655061886632,0.06354079155426007,0.005028522771131437,0.04739947545749601,0.08244243351509795,0,35
aim_on_task_arithmetic,candidate,projected_js,B_uncensored,uncensored_refusal_like,uncensored_only,uncensored_only,-0.22357439549028332,0.24281690402017506,0.4663912995104584,36,128,0.10334670984108622,0.09141904700663872,0.039892608946139954,0.058864148159045726,0.25062958407215774,0,1
aim_on_task_arithmetic__calib_general,candidate,mmd_rbf,B_if,instruction,instr_only,instr_only,0.3419593345656192,0.8170055452865065,0.47504621072088726,36,128,0.00558967440479642,0.004857335472479463,0.005015934106631466,0.0016472399001941085,0.03392402455210686,0,35
aim_on_task_arithmetic__calib_general,candidate,mmd_rbf,B_reasoning_long,reasoning,instr_only,instr_only,0.06565656565656564,0.5858585858585859,0.5202020202020202,36,128,0.0028850840171799064,0.002432893612422049,0.0034631535103543786,0.0009724199771881104,0.023024577647447586,0,35
aim_on_task_arithmetic__calib_general,candidate,mmd_rbf,B_reasoning_math,reasoning,reasoning_only,reasoning_only,0.06705837755875665,0.8208112206216831,0.7537528430629264,36,128,0.01028707451445775,0.010267062578350306,0.004457572371959063,0.00443578977137804,0.03121991455554962,0,35
aim_on_task_arithmetic__calib_general,candidate,mmd_rbf,B_uncensored,uncensored_refusal_like,uncensored_only,uncensored_only,-0.21499165554072094,0.24281690402017506,0.457808559560896,36,128,0.05807107094571822,0.046821972355246544,0.048734860585382914,0.013161814771592617,0.2279391586780548,0,1
aim_on_task_arithmetic__calib_general,candidate,projected_js,B_if,instruction,instr_only,instr_only,0.3419593345656192,0.8170055452865065,0.47504621072088726,36,128,0.05792861833348676,0.06009711357182823,0.009612934884524315,0.03371592186158523,0.08968773944070563,0,35
aim_on_task_arithmetic__calib_general,candidate,projected_js,B_reasoning_long,reasoning,instr_only,instr_only,0.06565656565656564,0.5858585858585859,0.5202020202020202,36,128,0.04874736617501993,0.05039889506588224,0.006927867336366882,0.030031730013433844,0.07102683687116951,0,35
aim_on_task_arithmetic__calib_general,candidate,projected_js,B_reasoning_math,reasoning,reasoning_only,reasoning_only,0.06705837755875665,0.8208112206216831,0.7537528430629264,36,128,0.06349814859923855,0.06392763668554835,0.00498786310240625,0.04765918859629892,0.08152269903803244,0,35
aim_on_task_arithmetic__calib_general,candidate,projected_js,B_uncensored,uncensored_refusal_like,uncensored_only,uncensored_only,-0.21499165554072094,0.24281690402017506,0.457808559560896,36,128,0.10342811414658273,0.09162259768345393,0.039655818282167486,0.05976693716365844,0.2502954413066618,0,1
aim_on_task_arithmetic__calib_instruction,candidate,mmd_rbf,B_if,instruction,instr_only,instr_only,0.3401109057301294,0.8170055452865065,0.47689463955637706,36,128,0.00563787065523987,0.0048393530305475,0.005137570337665709,0.0016337663400918245,0.03468112275004387,0,35
aim_on_task_arithmetic__calib_instruction,candidate,mmd_rbf,B_reasoning_long,reasoning,instr_only,instr_only,0.08080808080808077,0.5858585858585859,0.5050505050505051,36,128,0.0028947855769527247,0.0024324950063601136,0.003478936669957463,0.0009700834634713829,0.023114532232284546,0,35
aim_on_task_arithmetic__calib_instruction,candidate,mmd_rbf,B_reasoning_math,reasoning,reasoning_only,reasoning_only,0.0181956027293404,0.8208112206216831,0.8026156178923427,36,128,0.010332168687859343,0.010317542590200901,0.0044602817104629575,0.0044647157192230225,0.031253889203071594,0,35
aim_on_task_arithmetic__calib_instruction,candidate,mmd_rbf,B_uncensored,uncensored_refusal_like,uncensored_only,uncensored_only,-0.2225513647826732,0.24281690402017506,0.46536826880284826,36,128,0.05834642329460217,0.04707189463078976,0.04879034734658505,0.013157433830201626,0.22804735600948334,0,1
aim_on_task_arithmetic__calib_instruction,candidate,projected_js,B_if,instruction,instr_only,instr_only,0.3401109057301294,0.8170055452865065,0.47689463955637706,36,128,0.05810601313634026,0.06039158225758001,0.009563698155927466,0.033582096904865466,0.09020650910679251,0,35
aim_on_task_arithmetic__calib_instruction,candidate,projected_js,B_reasoning_long,reasoning,instr_only,instr_only,0.08080808080808077,0.5858585858585859,0.5050505050505051,36,128,0.04880883497713108,0.0509641155222198,0.006998563957561868,0.030435067557846196,0.07049343106336892,0,35
aim_on_task_arithmetic__calib_instruction,candidate,projected_js,B_reasoning_math,reasoning,reasoning_only,reasoning_only,0.0181956027293404,0.8208112206216831,0.8026156178923427,36,128,0.06367181786966587,0.06397154915612191,0.0047911676618676855,0.048626523406710476,0.08092612866312265,0,35
aim_on_task_arithmetic__calib_instruction,candidate,projected_js,B_uncensored,uncensored_refusal_like,uncensored_only,uncensored_only,-0.2225513647826732,0.24281690402017506,0.46536826880284826,36,128,0.1035606301932906,0.09123218344757333,0.03983591970248333,0.05963564806734212,0.2502688959648367,0,1
aim_on_task_arithmetic__calib_reasoning,candidate,mmd_rbf,B_if,instruction,instr_only,instr_only,0.3290203327171904,0.8170055452865065,0.4879852125693161,36,128,0.005650618892913271,0.004871198907494545,0.0050572890781308425,0.001639863825403154,0.03413451090455055,0,35
aim_on_task_arithmetic__calib_reasoning,candidate,mmd_rbf,B_reasoning_long,reasoning,instr_only,instr_only,0.09090909090909088,0.5858585858585859,0.494949494949495,36,128,0.0029105696238629106,0.002446011872962117,0.003450740456802418,0.0009722948307171464,0.022943302989006042,0,35
aim_on_task_arithmetic__calib_reasoning,candidate,mmd_rbf,B_reasoning_math,reasoning,reasoning_only,reasoning_only,0.052287086176396214,0.8208112206216831,0.7685241344452869,36,128,0.010339885018765926,0.010305540636181831,0.004470900420836868,0.00444303173571825,0.03134272247552872,0,35
aim_on_task_arithmetic__calib_reasoning,candidate,mmd_rbf,B_uncensored,uncensored_refusal_like,uncensored_only,uncensored_only,-0.22314205978341492,0.24281690402017506,0.46595896380359,36,128,0.05823504474634925,0.046987881883978844,0.04879543762085715,0.013155484572052956,0.22816768288612366,0,1
aim_on_task_arithmetic__calib_reasoning,candidate,projected_js,B_if,instruction,instr_only,instr_only,0.3290203327171904,0.8170055452865065,0.4879852125693161,36,128,0.057940185292762986,0.05993568428675644,0.00988065876047782,0.03303759494156111,0.09059924469329417,0,35
aim_on_task_arithmetic__calib_reasoning,candidate,projected_js,B_reasoning_long,reasoning,instr_only,instr_only,0.09090909090909088,0.5858585858585859,0.494949494949495,36,128,0.04888452073201835,0.05042997180134989,0.006886723945598868,0.0308258839068003,0.0720588676049374,0,35
aim_on_task_arithmetic__calib_reasoning,candidate,projected_js,B_reasoning_math,reasoning,reasoning_only,reasoning_only,0.052287086176396214,0.8208112206216831,0.7685241344452869,36,128,0.06354452818939332,0.06364389827649575,0.004863373446493136,0.047262580977985635,0.08204931387444958,0,35
aim_on_task_arithmetic__calib_reasoning,candidate,projected_js,B_uncensored,uncensored_refusal_like,uncensored_only,uncensored_only,-0.22314205978341492,0.24281690402017506,0.46595896380359,36,128,0.10361614762870078,0.09081285071442835,0.03960900876463104,0.05962155282031745,0.2501374508428853,0,1
aim_on_task_arithmetic__calib_uncensored_refusal_like,candidate,mmd_rbf,B_if,instruction,instr_only,instr_only,0.33641404805914976,0.8170055452865065,0.4805914972273567,36,128,0.005548670318805509,0.004803419578820467,0.004896319085086819,0.0016448795795440674,0.03313581272959709,0,35
aim_on_task_arithmetic__calib_uncensored_refusal_like,candidate,mmd_rbf,B_reasoning_long,reasoning,instr_only,instr_only,0.0505050505050505,0.5858585858585859,0.5353535353535354,36,128,0.0028545429441793305,0.0024059731513261795,0.003388708429564845,0.0009699732181616127,0.022547347471117973,0,35
aim_on_task_arithmetic__calib_uncensored_refusal_like,candidate,mmd_rbf,B_reasoning_math,reasoning,reasoning_only,reasoning_only,0.06402577710386659,0.8208112206216831,0.7567854435178165,36,128,0.010255709988996387,0.010269328020513058,0.004533365854736099,0.004357463214546442,0.03170540928840637,0,35
aim_on_task_arithmetic__calib_uncensored_refusal_like,candidate,mmd_rbf,B_uncensored,uncensored_refusal_like,uncensored_only,uncensored_only,-0.22774402907580474,0.24281690402017506,0.4705609330959798,36,128,0.058143071830272675,0.04683005437254906,0.04874263968606996,0.013306165114045143,0.2281263917684555,0,1
aim_on_task_arithmetic__calib_uncensored_refusal_like,candidate,projected_js,B_if,instruction,instr_only,instr_only,0.33641404805914976,0.8170055452865065,0.4805914972273567,36,128,0.05811842195786691,0.060309335589408875,0.009665338019950964,0.03361200222570915,0.08975438709603623,0,35
aim_on_task_arithmetic__calib_uncensored_refusal_like,candidate,projected_js,B_reasoning_long,reasoning,instr_only,instr_only,0.0505050505050505,0.5858585858585859,0.5353535353535354,36,128,0.048735872814682404,0.05057262179616373,0.006887848007175644,0.0305170763967908,0.07000852026976645,0,35
aim_on_task_arithmetic__calib_uncensored_refusal_like,candidate,projected_js,B_reasoning_math,reasoning,reasoning_only,reasoning_only,0.06402577710386659,0.8208112206216831,0.7567854435178165,36,128,0.06361714053410752,0.06404874732834287,0.005141209229099454,0.04698061052476987,0.08260299148969352,0,35
aim_on_task_arithmetic__calib_uncensored_refusal_like,candidate,projected_js,B_uncensored,uncensored_refusal_like,uncensored_only,uncensored_only,-0.22774402907580474,0.24281690402017506,0.4705609330959798,36,128,0.10365623972514489,0.0916105453070486,0.0396476167564277,0.06080679618753493,0.25122983686742373,0,1
aim_on_ties,candidate,mmd_rbf,B_if,instruction,instr_only,instr_only,0.33086876155268025,0.8170055452865065,0.48613678373382624,36,128,0.006796549911895353,0.005356468493118882,0.007908339636559158,0.0017570526106283069,0.052191585302352905,0,35
aim_on_ties,candidate,mmd_rbf,B_reasoning_long,reasoning,instr_only,instr_only,0.05555555555555558,0.5858585858585859,0.5303030303030303,36,128,0.0036451070595325697,0.002883882843889296,0.005689876538035438,0.0010604501003399491,0.03688323497772217,0,35
aim_on_ties,candidate,mmd_rbf,B_reasoning_math,reasoning,reasoning_only,reasoning_only,0.042052059641142225,0.8208112206216831,0.7787591609805409,36,128,0.011487613807225393,0.011891195550560951,0.0036386183385347403,0.004920744802802801,0.022509275004267693,0,35
aim_on_ties,candidate,mmd_rbf,B_uncensored,uncensored_refusal_like,uncensored_only,uncensored_only,-0.23756109998516536,0.24281690402017506,0.4803780040053404,36,128,0.06006117110761503,0.04864729940891266,0.04878667472008867,0.012607294134795666,0.22515912353992462,0,1
aim_on_ties,candidate,projected_js,B_if,instruction,instr_only,instr_only,0.33086876155268025,0.8170055452865065,0.48613678373382624,36,128,0.059794409547369774,0.06174751045182347,0.012377305041569924,0.03523783295531757,0.11201127228559926,0,35
aim_on_ties,candidate,projected_js,B_reasoning_long,reasoning,instr_only,instr_only,0.05555555555555558,0.5858585858585859,0.5303030303030303,36,128,0.05004640440084687,0.05197192927880678,0.008505971275709418,0.030319863129989244,0.08420560183003545,0,35
aim_on_ties,candidate,projected_js,B_reasoning_math,reasoning,reasoning_only,reasoning_only,0.042052059641142225,0.8208112206216831,0.7787591609805409,36,128,0.0650026943169198,0.06517292928765528,0.004110816620227536,0.05089003560715355,0.07368975330609828,0,35
aim_on_ties,candidate,projected_js,B_uncensored,uncensored_refusal_like,uncensored_only,uncensored_only,-0.23756109998516536,0.24281690402017506,0.4803780040053404,36,128,0.10443494873470627,0.09502110138419084,0.03953564229663998,0.05799261649372056,0.2469849958724808,0,1
aim_on_ties__calib_general,candidate,mmd_rbf,B_if,instruction,instr_only,instr_only,0.33086876155268025,0.8170055452865065,0.48613678373382624,36,128,0.006758710624934692,0.00536293676123023,0.00783320785435673,0.001764279673807323,0.051724571734666824,0,35
aim_on_ties__calib_general,candidate,mmd_rbf,B_reasoning_long,reasoning,instr_only,instr_only,0.09090909090909088,0.5858585858585859,0.494949494949495,36,128,0.003637088074659308,0.002881545922718942,0.005700288632653757,0.001065179705619812,0.03694700822234154,0,35
aim_on_ties__calib_general,candidate,mmd_rbf,B_reasoning_math,reasoning,reasoning_only,reasoning_only,0.021594642405863063,0.8208112206216831,0.79921657821582,36,128,0.011467366750972966,0.01186844240874052,0.0036287136627509925,0.004926830530166626,0.02239096537232399,0,35
aim_on_ties__calib_general,candidate,mmd_rbf,B_uncensored,uncensored_refusal_like,uncensored_only,uncensored_only,-0.23072420634920635,0.24281690402017506,0.4735411103693814,36,128,0.059854736318811774,0.048448456451296806,0.048729999269160794,0.01259798463433981,0.2249414026737213,0,1
aim_on_ties__calib_general,candidate,projected_js,B_if,instruction,instr_only,instr_only,0.33086876155268025,0.8170055452865065,0.48613678373382624,36,128,0.05980677477418794,0.061495393340010196,0.012177088148107083,0.03514349971374031,0.11126088298624381,0,35
aim_on_ties__calib_general,candidate,projected_js,B_reasoning_long,reasoning,instr_only,instr_only,0.09090909090909088,0.5858585858585859,0.494949494949495,36,128,0.04998198396505257,0.0514747969864402,0.00850191602922238,0.029939601867226884,0.0838762461207807,0,35
aim_on_ties__calib_general,candidate,projected_js,B_reasoning_math,reasoning,reasoning_only,reasoning_only,0.021594642405863063,0.8208112206216831,0.79921657821582,36,128,0.06499078560833975,0.06484553338668775,0.0041992474943327975,0.05084525322308764,0.07455562870018184,0,35
aim_on_ties__calib_general,candidate,projected_js,B_uncensored,uncensored_refusal_like,uncensored_only,uncensored_only,-0.23072420634920635,0.24281690402017506,0.4735411103693814,36,128,0.10421410721513287,0.09400103791267611,0.03983040970194781,0.05780484774732031,0.24780353013193235,0,1
aim_on_ties__calib_instruction,candidate,mmd_rbf,B_if,instruction,instr_only,instr_only,0.33641404805914976,0.8170055452865065,0.4805914972273567,36,128,0.006819815824403324,0.005301401251927018,0.00796554752116324,0.0017454683547839522,0.052534300833940506,0,35
aim_on_ties__calib_instruction,candidate,mmd_rbf,B_reasoning_long,reasoning,instr_only,instr_only,0.10606060606060608,0.5858585858585859,0.4797979797979798,36,128,0.003642019107549762,0.0028702771523967385,0.005692118534219941,0.0010585278505459428,0.0368938110768795,0,35
aim_on_ties__calib_instruction,candidate,mmd_rbf,B_reasoning_math,reasoning,reasoning_only,reasoning_only,0.03901945918625227,0.8208112206216831,0.7817917614354308,36,128,0.011511098399447897,0.011914719827473164,0.003636680561590201,0.004961186554282904,0.02252129092812538,0,35
aim_on_ties__calib_instruction,candidate,mmd_rbf,B_uncensored,uncensored_refusal_like,uncensored_only,uncensored_only,-0.22737817089452603,0.24281690402017506,0.4701950749147011,36,128,0.06015984695922169,0.04870342090725899,0.04882110992845821,0.012629675678908825,0.22511015832424164,0,1
aim_on_ties__calib_instruction,candidate,projected_js,B_if,instruction,instr_only,instr_only,0.33641404805914976,0.8170055452865065,0.4805914972273567,36,128,0.059769487981813856,0.06179418462852482,0.012121853865952246,0.03575214200827759,0.11125251301564276,0,35
aim_on_ties__calib_instruction,candidate,projected_js,B_reasoning_long,reasoning,instr_only,instr_only,0.10606060606060608,0.5858585858585859,0.4797979797979798,36,128,0.05041561693400985,0.052021822761162184,0.00864973740202718,0.030297586985398084,0.08583164564333856,0,35
aim_on_ties__calib_instruction,candidate,projected_js,B_reasoning_math,reasoning,reasoning_only,reasoning_only,0.03901945918625227,0.8208112206216831,0.7817917614354308,36,128,0.06509503552580201,0.06509298404853325,0.004067863283736908,0.05146852764301002,0.07441534020472318,0,35
aim_on_ties__calib_instruction,candidate,projected_js,B_uncensored,uncensored_refusal_like,uncensored_only,uncensored_only,-0.22737817089452603,0.24281690402017506,0.4701950749147011,36,128,0.10469851497004533,0.09545556476223283,0.03970607948248365,0.05727250935160555,0.24674855777993798,0,1
aim_on_ties__calib_reasoning,candidate,mmd_rbf,B_if,instruction,instr_only,instr_only,0.32162661737523107,0.8170055452865065,0.4953789279112754,36,128,0.006819684016388944,0.005319430027157068,0.007904031115341626,0.0017527997260913253,0.052131474018096924,0,35
aim_on_ties__calib_reasoning,candidate,mmd_rbf,B_reasoning_long,reasoning,instr_only,instr_only,0.03535353535353536,0.5858585858585859,0.5505050505050505,36,128,0.0036698366748169065,0.0028897594893351197,0.00567996736745512,0.0010608226293697953,0.0368269644677639,0,35
aim_on_ties__calib_reasoning,candidate,mmd_rbf,B_reasoning_math,reasoning,reasoning_only,reasoning_only,0.07500631791761436,0.8208112206216831,0.7458049027040687,36,128,0.011517912421065072,0.01191373961046338,0.003641953920474945,0.004939430858939886,0.022507784888148308,0,35
aim_on_ties__calib_reasoning,candidate,mmd_rbf,B_uncensored,uncensored_refusal_like,uncensored_only,uncensored_only,-0.225165683874796,0.24281690402017506,0.46798258789497105,36,128,0.06001429329626262,0.048613231629133224,0.048800980026578435,0.012594061903655529,0.22516079246997833,0,1
aim_on_ties__calib_reasoning,candidate,projected_js,B_if,instruction,instr_only,instr_only,0.32162661737523107,0.8170055452865065,0.4953789279112754,36,128,0.06010213744795894,0.06219711988524068,0.01226527316238447,0.03550416934012901,0.1110730926739052,0,35
aim_on_ties__calib_reasoning,candidate,projected_js,B_reasoning_long,reasoning,instr_only,instr_only,0.03535353535353536,0.5858585858585859,0.5505050505050505,36,128,0.05030956545831739,0.05218965373933315,0.008584751377619491,0.029985745408339426,0.08458647975930944,0,35
aim_on_ties__calib_reasoning,candidate,projected_js,B_reasoning_math,reasoning,reasoning_only,reasoning_only,0.07500631791761436,0.8208112206216831,0.7458049027040687,36,128,0.06503657597770346,0.06520987517433241,0.004173359876019326,0.05093840238987468,0.07499245891813189,0,35
aim_on_ties__calib_reasoning,candidate,projected_js,B_uncensored,uncensored_refusal_like,uncensored_only,uncensored_only,-0.225165683874796,0.24281690402017506,0.46798258789497105,36,128,0.10470789171328458,0.09533891317551024,0.039468717123776496,0.057307743380079046,0.24673157077631913,0,1
aim_on_ties__calib_uncensored_refusal_like,candidate,mmd_rbf,B_if,instruction,instr_only,instr_only,0.3290203327171904,0.8170055452865065,0.4879852125693161,36,128,0.0067140781094268374,0.005300468299537897,0.0077654585411225125,0.0017566323513165116,0.051281191408634186,0,35
aim_on_ties__calib_uncensored_refusal_like,candidate,mmd_rbf,B_reasoning_long,reasoning,instr_only,instr_only,0.06565656565656564,0.5858585858585859,0.5202020202020202,36,128,0.0035935440488780537,0.0028449229430407286,0.005592015341693721,0.0010570765007287264,0.0362643301486969,0,35
aim_on_ties__calib_uncensored_refusal_like,candidate,mmd_rbf,B_reasoning_math,reasoning,reasoning_only,reasoning_only,0.03864038412939097,0.8208112206216831,0.7821708364922921,36,128,0.01144149548943258,0.011820049490779638,0.003672727437780664,0.004868346732109785,0.022812632843852043,0,35
aim_on_ties__calib_uncensored_refusal_like,candidate,mmd_rbf,B_uncensored,uncensored_refusal_like,uncensored_only,uncensored_only,-0.22407320872274142,0.24281690402017506,0.4668901127429165,36,128,0.05994741186603076,0.048501258715987206,0.048710228110009544,0.012672699056565762,0.2250073403120041,0,1
aim_on_ties__calib_uncensored_refusal_like,candidate,projected_js,B_if,instruction,instr_only,instr_only,0.3290203327171904,0.8170055452865065,0.4879852125693161,36,128,0.05980403701283245,0.061638766987016425,0.012227738605297644,0.03543421970971394,0.11128664115676656,0,35
aim_on_ties__calib_uncensored_refusal_like,candidate,projected_js,B_reasoning_long,reasoning,instr_only,instr_only,0.06565656565656564,0.5858585858585859,0.5202020202020202,36,128,0.04975211441786895,0.05167586590687279,0.008415003629413931,0.030031237853108905,0.08360326668480411,0,35
aim_on_ties__calib_uncensored_refusal_like,candidate,projected_js,B_reasoning_math,reasoning,reasoning_only,reasoning_only,0.03864038412939097,0.8208112206216831,0.7821708364922921,36,128,0.06489115814555488,0.06473680620547384,0.004160304157475168,0.05074502096977085,0.07548624719493091,0,35
aim_on_ties__calib_uncensored_refusal_like,candidate,projected_js,B_uncensored,uncensored_refusal_like,uncensored_only,uncensored_only,-0.22407320872274142,0.24281690402017506,0.4668901127429165,36,128,0.10455609416951323,0.09519691611058079,0.03952466622718548,0.05916476703714579,0.24717336893081665,0,1
base,reference,mmd_rbf,B_if,instruction,instr_only,instr_only,0.3807763401109057,0.8170055452865065,0.43622920517560076,36,128,0.01924102850413571,0.016273347660899162,0.019635658677882924,0.004355710931122303,0.13124778866767883,0,35
base,reference,mmd_rbf,B_reasoning_long,reasoning,instr_only,instr_only,0.23232323232323232,0.5858585858585859,0.35353535353535354,36,128,0.010692637290857319,0.008440868929028511,0.01613307578058332,0.0029587687458842993,0.10503029823303223,0,35
base,reference,mmd_rbf,B_reasoning_math,reasoning,reasoning_only,reasoning_only,0.3602476623704827,0.8208112206216831,0.4605635582512004,36,128,0.017917113572669525,0.0187818119302392,0.005201215321870328,0.007339260075241327,0.027083346620202065,0,3
base,reference,mmd_rbf,B_uncensored,uncensored_refusal_like,uncensored_only,uncensored_only,-0.42536344755970923,0.24281690402017506,0.6681803515798843,36,128,0.09700160675371687,0.0931151770055294,0.05197851093783989,0.02432878129184246,0.275905579328537,0,35
base,reference,projected_js,B_if,instruction,instr_only,instr_only,0.3807763401109057,0.8170055452865065,0.43622920517560076,36,128,0.07475585682146225,0.07302808805252425,0.019510073401984705,0.05268075314234011,0.18100796919316053,0,35
base,reference,projected_js,B_reasoning_long,reasoning,instr_only,instr_only,0.23232323232323232,0.5858585858585859,0.35353535353535354,36,128,0.06267743775566083,0.06137034957646392,0.014524429896051568,0.047285388718592,0.14242524572182447,0,35
base,reference,projected_js,B_reasoning_math,reasoning,reasoning_only,reasoning_only,0.3602476623704827,0.8208112206216831,0.4605635582512004,36,128,0.07099958327550364,0.07015835412312299,0.005164168131134027,0.05901847456698306,0.08018378808628768,0,3
base,reference,projected_js,B_uncensored,uncensored_refusal_like,uncensored_only,uncensored_only,-0.42536344755970923,0.24281690402017506,0.6681803515798843,36,128,0.13052359057150575,0.11943672699271701,0.042590927363633,0.07558419718407094,0.28111751191318035,0,35
breadcrumbs_best,candidate,mmd_rbf,B_if,instruction,instr_only,instr_only,0.038817005545286554,0.8170055452865065,0.7781885397412199,36,128,0.005530578782781959,0.004893954144790769,0.0066333709711095135,0.0024415075313299894,0.044176358729600906,0,35
breadcrumbs_best,candidate,mmd_rbf,B_reasoning_long,reasoning,instr_only,instr_only,0.06060606060606055,0.5858585858585859,0.5252525252525253,36,128,0.003366737306350842,0.002325208974070847,0.005584845370702605,0.0014221608871594071,0.036236267536878586,0,35
breadcrumbs_best,candidate,mmd_rbf,B_reasoning_math,reasoning,reasoning_only,reasoning_only,-0.019320192064695485,0.8208112206216831,0.8401314126863786,36,128,0.009703260438982397,0.009575745090842247,0.002970447940815217,0.0034411640372127295,0.02187086082994938,0,35
breadcrumbs_best,candidate,mmd_rbf,B_uncensored,uncensored_refusal_like,uncensored_only,uncensored_only,-0.22592363892597536,0.24281690402017506,0.4687405429461504,36,128,0.060319799567676254,0.046386923640966415,0.05247959987686931,0.01685516908764839,0.24169199168682098,0,1
breadcrumbs_best,candidate,projected_js,B_if,instruction,instr_only,instr_only,0.038817005545286554,0.8170055452865065,0.7781885397412199,36,128,0.05717058726157928,0.05771557576372288,0.010368556489434405,0.035284955374663696,0.10358085652114823,0,35
breadcrumbs_best,candidate,projected_js,B_reasoning_long,reasoning,instr_only,instr_only,0.06060606060606055,0.5858585858585859,0.5252525252525253,36,128,0.05032145581976187,0.051253421377623454,0.00796590698310192,0.03363274763978552,0.08548079442698509,0,35
breadcrumbs_best,candidate,projected_js,B_reasoning_math,reasoning,reasoning_only,reasoning_only,-0.019320192064695485,0.8208112206216831,0.8401314126863786,36,128,0.062185360168870024,0.06268221951904707,0.004313166140668387,0.046088105416856706,0.06970629532588646,0,20
breadcrumbs_best,candidate,projected_js,B_uncensored,uncensored_refusal_like,uncensored_only,uncensored_only,-0.22592363892597536,0.24281690402017506,0.4687405429461504,36,128,0.10491602510915578,0.09453803853830323,0.041698266874497666,0.06933984655188397,0.2616758388467133,11,1
dare_best,candidate,mmd_rbf,B_if,instruction,instr_only,instr_only,0.31608133086876156,0.8170055452865065,0.5009242144177449,36,128,0.006974496264269369,0.006710328394547105,0.0044066682896252134,0.0020013898611068726,0.02766330912709236,0,35
dare_best,candidate,mmd_rbf,B_reasoning_long,reasoning,instr_only,instr_only,0.045454545454545414,0.5858585858585859,0.5404040404040404,36,128,0.003816903830738738,0.003171802731230855,0.0029205838792141113,0.0011488021118566394,0.018480459228157997,0,35
dare_best,candidate,mmd_rbf,B_reasoning_math,reasoning,reasoning_only,reasoning_only,0.06401314126863789,0.8208112206216831,0.7567980793530452,36,128,0.011012428155582812,0.01037344615906477,0.0054029091986611275,0.004146132152527571,0.03720154985785484,0,35
dare_best,candidate,mmd_rbf,B_uncensored,uncensored_refusal_like,uncensored_only,uncensored_only,-0.21258353730900456,0.24281690402017506,0.4554004413291796,36,128,0.0513736347719613,0.0385099146515131,0.04660175280967344,0.013399100862443447,0.21311652660369873,0,1
dare_best,candidate,projected_js,B_if,instruction,instr_only,instr_only,0.31608133086876156,0.8170055452865065,0.5009242144177449,36,128,0.06107663023188555,0.06131152393936645,0.006683061597291098,0.03754290027427487,0.08419199072523043,0,35
dare_best,candidate,projected_js,B_reasoning_long,reasoning,instr_only,instr_only,0.045454545454545414,0.5858585858585859,0.5404040404040404,36,128,0.05250151228513763,0.053203105213469826,0.0051326797555441665,0.03397196263540536,0.06702372967265546,0,35
dare_best,candidate,projected_js,B_reasoning_math,reasoning,reasoning_only,reasoning_only,0.06401314126863789,0.8208112206216831,0.7567980793530452,36,128,0.06462108563007657,0.06410033567226492,0.0049642811013801075,0.04922521786647849,0.08335090329637751,0,35
dare_best,candidate,projected_js,B_uncensored,uncensored_refusal_like,uncensored_only,uncensored_only,-0.21258353730900456,0.24281690402017506,0.4554004413291796,36,128,0.10012478109193682,0.08706983813317493,0.039073981603275104,0.06537720852065831,0.24369771842611954,0,1
della_best,candidate,mmd_rbf,B_if,instruction,instr_only,instr_only,0.3179297597042514,0.8170055452865065,0.49907578558225507,36,128,0.006751112969747434,0.006497017107903957,0.00415806198330923,0.0020467012654989958,0.026436099782586098,0,35
della_best,candidate,mmd_rbf,B_reasoning_long,reasoning,instr_only,instr_only,0.025252525252525304,0.5858585858585859,0.5606060606060606,36,128,0.0037652688624802977,0.0031686873408034444,0.0028691708228793756,0.0011610448127612472,0.018533727154135704,0,35
della_best,candidate,mmd_rbf,B_reasoning_math,reasoning,reasoning_only,reasoning_only,0.03143795804902705,0.8208112206216831,0.789373262572656,36,128,0.011020469155886935,0.010365630500018597,0.00538700226106813,0.0041330307722091675,0.0372721329331398,0,35
della_best,candidate,mmd_rbf,B_uncensored,uncensored_refusal_like,uncensored_only,uncensored_only,-0.20693016614745582,0.24281690402017506,0.4497470701676309,36,128,0.05072555967813565,0.03769131004810333,0.04660852618053978,0.013451921753585339,0.21389253437519073,0,1
della_best,candidate,projected_js,B_if,instruction,instr_only,instr_only,0.3179297597042514,0.8170055452865065,0.49907578558225507,36,128,0.06095672629534318,0.061300520290387794,0.006947178922847592,0.03528980544069782,0.08475783531321213,0,35
della_best,candidate,projected_js,B_reasoning_long,reasoning,instr_only,instr_only,0.025252525252525304,0.5858585858585859,0.5606060606060606,36,128,0.052102985751844244,0.053238460764987394,0.0052178487289526905,0.03243528353050351,0.06674264825414866,0,35
della_best,candidate,projected_js,B_reasoning_math,reasoning,reasoning_only,reasoning_only,0.03143795804902705,0.8208112206216831,0.789373262572656,36,128,0.06443988084760753,0.06466300040483475,0.0051431576768951005,0.048276564688421786,0.0847716981661506,0,35
della_best,candidate,projected_js,B_uncensored,uncensored_refusal_like,uncensored_only,uncensored_only,-0.20693016614745582,0.24281690402017506,0.4497470701676309,36,128,0.09987599076986145,0.08590383440605365,0.03953688095325852,0.0662553775619017,0.24872204835992306,0,1
instr_only,reference,mmd_rbf,B_if,instruction,instr_only,instr_only,0.0,0.8170055452865065,0.8170055452865065,36,128,0.0,0.0,0.0,0.0,0.0,0,0
instr_only,reference,mmd_rbf,B_reasoning_long,reasoning,instr_only,instr_only,0.0,0.5858585858585859,0.5858585858585859,36,128,0.0,0.0,0.0,0.0,0.0,0,0
instr_only,reference,mmd_rbf,B_reasoning_math,reasoning,reasoning_only,reasoning_only,0.0,0.8208112206216831,0.8208112206216831,36,128,0.01593106784599109,0.014448951929807663,0.01254895473918323,0.006630751769989729,0.08794448524713516,0,35
instr_only,reference,mmd_rbf,B_uncensored,uncensored_refusal_like,uncensored_only,uncensored_only,-0.5719065235128319,0.24281690402017506,0.814723427533007,36,128,0.06299610109999776,0.05108754150569439,0.05014808409853504,0.01777813397347927,0.2429378479719162,0,1
instr_only,reference,projected_js,B_if,instruction,instr_only,instr_only,0.0,0.8170055452865065,0.8170055452865065,36,128,0.0,0.0,0.0,0.0,0.0,0,0
instr_only,reference,projected_js,B_reasoning_long,reasoning,instr_only,instr_only,0.0,0.5858585858585859,0.5858585858585859,36,128,0.0,0.0,0.0,0.0,0.0,0,0
instr_only,reference,projected_js,B_reasoning_math,reasoning,reasoning_only,reasoning_only,0.0,0.8208112206216831,0.8208112206216831,36,128,0.06914956361692425,0.06788224347110372,0.010521154505389775,0.05579599164775573,0.1277130434755236,0,35
instr_only,reference,projected_js,B_uncensored,uncensored_refusal_like,uncensored_only,uncensored_only,-0.5719065235128319,0.24281690402017506,0.814723427533007,36,128,0.10727580481802255,0.09818484337301925,0.03938717364557441,0.07027588204073254,0.2563667781359982,0,1
lot_paper_domain_matched,candidate,mmd_rbf,B_if,instruction,instr_only,instr_only,0.2365988909426987,0.8170055452865065,0.5804066543438078,36,128,0.0025911635699837157,0.002259704051539302,0.0008215725552923632,0.0013211697805672884,0.004619823303073645,0,1
lot_paper_domain_matched,candidate,mmd_rbf,B_reasoning_long,reasoning,instr_only,instr_only,0.17676767676767674,0.5858585858585859,0.4090909090909091,36,128,0.007699579019875576,0.006844422779977322,0.006543074927586832,0.0015047341585159302,0.04548764228820801,0,35
lot_paper_domain_matched,candidate,mmd_rbf,B_reasoning_math,reasoning,reasoning_only,reasoning_only,0.046234521101844894,0.8208112206216831,0.7745766995198382,36,128,0.004370150065773891,0.0039918533293530345,0.0019748564851604926,0.002452310873195529,0.013879770413041115,0,35
lot_paper_domain_matched,candidate,mmd_rbf,B_uncensored,uncensored_refusal_like,uncensored_only,uncensored_only,-0.16040999109924345,0.24281690402017506,0.4032268951194185,36,128,0.03411658187138124,0.032964469864964485,0.01731809885991079,0.004291761200875044,0.07923612743616104,0,2
lot_paper_domain_matched,candidate,projected_js,B_if,instruction,instr_only,instr_only,0.2365988909426987,0.8170055452865065,0.5804066543438078,36,128,0.051264744095937606,0.0532594065007288,0.0064443145995770135,0.02644749984028749,0.059849327721167356,0,19
lot_paper_domain_matched,candidate,projected_js,B_reasoning_long,reasoning,instr_only,instr_only,0.17676767676767674,0.5858585858585859,0.4090909090909091,36,128,0.059898035076104056,0.06001210250542499,0.007895228365337074,0.03953851779806428,0.09330776717979461,0,35
lot_paper_domain_matched,candidate,projected_js,B_reasoning_math,reasoning,reasoning_only,reasoning_only,0.046234521101844894,0.8208112206216831,0.7745766995198382,36,128,0.05396391420840195,0.054661521542584524,0.004607413312956867,0.039276058465475217,0.06330181082012132,0,35
lot_paper_domain_matched,candidate,projected_js,B_uncensored,uncensored_refusal_like,uncensored_only,uncensored_only,-0.16040999109924345,0.24281690402017506,0.4032268951194185,36,128,0.08449191752798571,0.0862597999512218,0.01430226170344551,0.0382749080308713,0.11277578846784309,0,2
lot_paper_domain_matched__v1,candidate,mmd_rbf,B_if,instruction,instr_only,instr_only,0.4103512014787431,0.8170055452865065,0.4066543438077634,36,128,0.0029521683851877847,0.0024219617480412126,0.001251847794177314,0.00203913077712059,0.006698231678456068,15,1
lot_paper_domain_matched__v1,candidate,mmd_rbf,B_reasoning_long,reasoning,instr_only,instr_only,0.19191919191919193,0.5858585858585859,0.3939393939393939,36,128,0.008002554842581352,0.006914109690114856,0.0064628424101867135,0.0016896724700927734,0.045282211154699326,0,35
lot_paper_domain_matched__v1,candidate,mmd_rbf,B_reasoning_math,reasoning,reasoning_only,reasoning_only,0.27626990144048524,0.8208112206216831,0.5445413191811979,36,128,0.0034885379653941426,0.003225043066777289,0.0016212906407637958,0.0023880526423454285,0.01247378345578909,27,35
lot_paper_domain_matched__v1,candidate,mmd_rbf,B_uncensored,uncensored_refusal_like,uncensored_only,uncensored_only,-0.1595123127132473,0.24281690402017506,0.40232921673342237,36,128,0.04040500067640096,0.031490969471633434,0.03867595735072828,0.004817176144570112,0.17484870553016663,0,1
lot_paper_domain_matched__v1,candidate,projected_js,B_if,instruction,instr_only,instr_only,0.4103512014787431,0.8170055452865065,0.4066543438077634,36,128,0.053817396379195595,0.054168675938853994,0.003632312989587046,0.03782139014219865,0.05978426482761279,0,30
lot_paper_domain_matched__v1,candidate,projected_js,B_reasoning_long,reasoning,instr_only,instr_only,0.19191919191919193,0.5858585858585859,0.3939393939393939,36,128,0.059260260454417825,0.059484208628418855,0.007178793487374091,0.03811626569950022,0.09039157791994512,0,35
lot_paper_domain_matched__v1,candidate,projected_js,B_reasoning_math,reasoning,reasoning_only,reasoning_only,0.27626990144048524,0.8208112206216831,0.5445413191811979,36,128,0.05347886844578574,0.0540287172771059,0.004065770855482555,0.039923662538058124,0.06105270329862833,0,35
lot_paper_domain_matched__v1,candidate,projected_js,B_uncensored,uncensored_refusal_like,uncensored_only,uncensored_only,-0.1595123127132473,0.24281690402017506,0.40232921673342237,36,128,0.08947521318785018,0.08175369430682622,0.03221159050840449,0.044072500022593886,0.2115273193048779,0,1
lot_paper_general,candidate,mmd_rbf,B_if,instruction,instr_only,instr_only,0.31238447319778195,0.8170055452865065,0.5046210720887245,36,128,0.014679302881833993,0.013961153570562601,0.005971514157947505,0.0022311389911919832,0.03440204635262489,0,35
lot_paper_general,candidate,mmd_rbf,B_reasoning_long,reasoning,instr_only,instr_only,0.398989898989899,0.5858585858585859,0.18686868686868688,36,128,0.009295017497303585,0.009321186225861311,0.003582019903061792,0.0011001259554177523,0.01919429935514927,0,34
lot_paper_general,candidate,mmd_rbf,B_reasoning_math,reasoning,reasoning_only,reasoning_only,0.3595021480919889,0.8208112206216831,0.4613090725296942,36,128,0.0166026297568654,0.0154321757145226,0.01120087318726412,0.003924870397895575,0.07768270373344421,0,35
lot_paper_general,candidate,mmd_rbf,B_uncensored,uncensored_refusal_like,uncensored_only,uncensored_only,-0.2318734238243584,0.24281690402017506,0.47469032784453347,36,128,0.07249158589790265,0.05856436863541603,0.04406510089864432,0.014020919799804688,0.215765580534935,0,1
lot_paper_general,candidate,projected_js,B_if,instruction,instr_only,instr_only,0.31238447319778195,0.8170055452865065,0.5046210720887245,36,128,0.06942137618514405,0.07330184601596557,0.01013836410654524,0.035417966173554305,0.08746156323468313,0,35
lot_paper_general,candidate,projected_js,B_reasoning_long,reasoning,instr_only,instr_only,0.398989898989899,0.5858585858585859,0.18686868686868688,36,128,0.0608940548178604,0.0636089028121205,0.008142262725677734,0.03207116563862655,0.07160306652076542,0,34
lot_paper_general,candidate,projected_js,B_reasoning_math,reasoning,reasoning_only,reasoning_only,0.3595021480919889,0.8208112206216831,0.4613090725296942,36,128,0.06897006364063903,0.0700221057923045,0.010480937359876595,0.046028721873881295,0.11982189089758322,0,35
lot_paper_general,candidate,projected_js,B_uncensored,uncensored_refusal_like,uncensored_only,uncensored_only,-0.2318734238243584,0.24281690402017506,0.47469032784453347,36,128,0.11760969588956666,0.10990634799236432,0.034846461095915805,0.06542340820305981,0.24324188521131873,0,1
lot_paper_general__v1,candidate,mmd_rbf,B_if,instruction,instr_only,instr_only,0.3955637707948244,0.8170055452865065,0.4214417744916821,36,128,0.009190350512249602,0.008623358327895403,0.004724100398909604,0.0020693750120699406,0.03345947340130806,0,35
lot_paper_general__v1,candidate,mmd_rbf,B_reasoning_long,reasoning,instr_only,instr_only,0.14646464646464646,0.5858585858585859,0.4393939393939394,36,128,0.004555098845028422,0.004486305406317115,0.001474383003808458,0.0010931015713140368,0.009820776991546154,0,35
lot_paper_general__v1,candidate,mmd_rbf,B_reasoning_math,reasoning,reasoning_only,reasoning_only,0.2614101592115239,0.8208112206216831,0.5594010614101592,36,128,0.009124036238063127,0.0076617407612502575,0.007883416095376471,0.00384065811522305,0.05494513735175133,0,35
lot_paper_general__v1,candidate,mmd_rbf,B_uncensored,uncensored_refusal_like,uncensored_only,uncensored_only,-0.46076027295653454,0.24281690402017506,0.7035771769767096,36,128,0.06982830898939735,0.05717989057302475,0.047511591427889244,0.014260577969253063,0.22182849049568176,0,1
lot_paper_general__v1,candidate,projected_js,B_if,instruction,instr_only,instr_only,0.3955637707948244,0.8170055452865065,0.4214417744916821,36,128,0.06450689408585378,0.06538320900290273,0.008328023077247058,0.039318659517448395,0.08881018677493557,0,35
lot_paper_general__v1,candidate,projected_js,B_reasoning_long,reasoning,instr_only,instr_only,0.14646464646464646,0.5858585858585859,0.4393939393939394,36,128,0.053696218389328955,0.05511552873940673,0.005155707923575445,0.03477720468072221,0.061740444507449865,0,27
lot_paper_general__v1,candidate,projected_js,B_reasoning_math,reasoning,reasoning_only,reasoning_only,0.2614101592115239,0.8208112206216831,0.5594010614101592,36,128,0.062234155731857754,0.061371698291623034,0.008038958155077547,0.046256481466116384,0.10400355199817568,0,35
lot_paper_general__v1,candidate,projected_js,B_uncensored,uncensored_refusal_like,uncensored_only,uncensored_only,-0.46076027295653454,0.24281690402017506,0.7035771769767096,36,128,0.11421394277163523,0.10922146198572591,0.03853273288285042,0.06615585193503648,0.24619539271225221,0,1
lot_paper_instruction,candidate,mmd_rbf,B_if,instruction,instr_only,instr_only,0.23475046210720885,0.8170055452865065,0.5822550831792976,36,128,0.006039615406835865,0.005829317262396216,0.0013758874452293893,0.00194102234672755,0.010880912654101849,0,35
lot_paper_instruction,candidate,mmd_rbf,B_reasoning_long,reasoning,instr_only,instr_only,0.2676767676767677,0.5858585858585859,0.3181818181818182,36,128,0.0038420157668749904,0.003919344278983772,0.0009397864969889403,0.0010352194076403975,0.00640754122287035,0,1
lot_paper_instruction,candidate,mmd_rbf,B_reasoning_math,reasoning,reasoning_only,reasoning_only,0.26478392721758903,0.8208112206216831,0.5560272934040941,36,128,0.012345106017568873,0.009956148453056812,0.012831069408339967,0.004090753383934498,0.08727134764194489,0,35
lot_paper_instruction,candidate,mmd_rbf,B_uncensored,uncensored_refusal_like,uncensored_only,uncensored_only,-0.4107179016466399,0.24281690402017506,0.653534805666815,36,128,0.06738814835747083,0.05881457030773163,0.0420331586895799,0.01341259479522705,0.20610833168029785,0,1
lot_paper_instruction,candidate,projected_js,B_if,instruction,instr_only,instr_only,0.23475046210720885,0.8170055452865065,0.5822550831792976,36,128,0.05965223358281138,0.06141779653262347,0.006377549869616197,0.032289358670823276,0.0669632563367486,0,11
lot_paper_instruction,candidate,projected_js,B_reasoning_long,reasoning,instr_only,instr_only,0.2676767676767677,0.5858585858585859,0.3181818181818182,36,128,0.05444197836065238,0.055825028466642834,0.005558618322168603,0.031396070509799756,0.06294439703924581,0,13
lot_paper_instruction,candidate,projected_js,B_reasoning_math,reasoning,reasoning_only,reasoning_only,0.26478392721758903,0.8208112206216831,0.5560272934040941,36,128,0.0653126666463019,0.06438776291906834,0.011324416407232973,0.04764012203668244,0.12845601286971942,0,35
lot_paper_instruction,candidate,projected_js,B_uncensored,uncensored_refusal_like,uncensored_only,uncensored_only,-0.4107179016466399,0.24281690402017506,0.653534805666815,36,128,0.11196366694316061,0.10720598604530096,0.03381110156578333,0.06419264065334573,0.23225602123420686,0,1
lot_paper_instruction__v1,candidate,mmd_rbf,B_if,instruction,instr_only,instr_only,0.4713493530499076,0.8170055452865065,0.3456561922365989,36,128,0.007220707904909634,0.006946697365492582,0.0032002508530878234,0.0021281063091009855,0.023503413423895836,0,35
lot_paper_instruction__v1,candidate,mmd_rbf,B_reasoning_long,reasoning,instr_only,instr_only,0.1717171717171717,0.5858585858585859,0.41414141414141414,36,128,0.004405137820867822,0.004437195369973779,0.0012117592156548475,0.0012164771324023604,0.006508200895041227,0,2
lot_paper_instruction__v1,candidate,mmd_rbf,B_reasoning_math,reasoning,reasoning_only,reasoning_only,0.3239322719231741,0.8208112206216831,0.496878948698509,36,128,0.011105285323638883,0.008794508874416351,0.011348654781034301,0.004048025701195002,0.07729355245828629,0,35
lot_paper_instruction__v1,candidate,mmd_rbf,B_uncensored,uncensored_refusal_like,uncensored_only,uncensored_only,-0.3747232421005785,0.24281690402017506,0.6175401461207536,36,128,0.06396762198872036,0.05189447104930878,0.0465315017631347,0.013151943683624268,0.21484871208667755,0,1
lot_paper_instruction__v1,candidate,projected_js,B_if,instruction,instr_only,instr_only,0.4713493530499076,0.8170055452865065,0.3456561922365989,36,128,0.062069702477553314,0.06381177286675666,0.006802733836963294,0.038763764314353466,0.07874974538572133,0,35
lot_paper_instruction__v1,candidate,projected_js,B_reasoning_long,reasoning,instr_only,instr_only,0.1717171717171717,0.5858585858585859,0.41414141414141414,36,128,0.05503533458451986,0.05673342109366786,0.005070648096457605,0.03467030824685935,0.06336543773068115,0,29
lot_paper_instruction__v1,candidate,projected_js,B_reasoning_math,reasoning,reasoning_only,reasoning_only,0.3239322719231741,0.8208112206216831,0.496878948698509,36,128,0.06463424180805709,0.06293010979425162,0.010698440093208101,0.049763694347348064,0.12517613649833947,0,35
lot_paper_instruction__v1,candidate,projected_js,B_uncensored,uncensored_refusal_like,uncensored_only,uncensored_only,-0.3747232421005785,0.24281690402017506,0.6175401461207536,36,128,0.10850537285942766,0.10083627034327947,0.03796409882683476,0.06622506750863977,0.2388082662364468,0,1
lot_paper_mix,candidate,mmd_rbf,B_if,instruction,instr_only,instr_only,0.23844731977818856,0.8170055452865065,0.5785582255083179,36,128,0.006205794356194221,0.005604445701465011,0.0022893082840666273,0.0020540745463222265,0.01810181513428688,0,35
lot_paper_mix,candidate,mmd_rbf,B_reasoning_long,reasoning,instr_only,instr_only,0.18686868686868685,0.5858585858585859,0.398989898989899,36,128,0.0037422416725247684,0.003550979308784008,0.001359008754580116,0.0011041135294362903,0.009865336120128632,0,35
lot_paper_mix,candidate,mmd_rbf,B_reasoning_math,reasoning,reasoning_only,reasoning_only,0.2572024260803639,0.8208112206216831,0.5636087945413192,36,128,0.009214228879298188,0.008488290943205357,0.007052044667336158,0.0038762360345572233,0.049719374626874924,0,35
lot_paper_mix,candidate,mmd_rbf,B_uncensored,uncensored_refusal_like,uncensored_only,uncensored_only,-0.498529149977748,0.24281690402017506,0.7413460539979231,36,128,0.062710469821468,0.05252532474696636,0.041438406994541564,0.013398396782577038,0.1982676088809967,0,1
lot_paper_mix,candidate,projected_js,B_if,instruction,instr_only,instr_only,0.23844731977818856,0.8170055452865065,0.5785582255083179,36,128,0.06026425307694202,0.06195849426148925,0.00610708994502452,0.03445065411506221,0.07125680614262819,0,35
lot_paper_mix,candidate,projected_js,B_reasoning_long,reasoning,instr_only,instr_only,0.18686868686868685,0.5858585858585859,0.398989898989899,36,128,0.05392665967358173,0.05597362831758801,0.005393213549905449,0.03239060357736889,0.05976226838538423,0,17
lot_paper_mix,candidate,projected_js,B_reasoning_math,reasoning,reasoning_only,reasoning_only,0.2572024260803639,0.8208112206216831,0.5636087945413192,36,128,0.062172249475325875,0.061915476515423506,0.006778529619090281,0.04612068764981814,0.09704776963917539,0,35
lot_paper_mix,candidate,projected_js,B_uncensored,uncensored_refusal_like,uncensored_only,uncensored_only,-0.498529149977748,0.24281690402017506,0.7413460539979231,36,128,0.10773889724360844,0.10279314441140741,0.03404180342878361,0.06255442563269753,0.22964200456044637,0,1
lot_paper_mix__v1,candidate,mmd_rbf,B_if,instruction,instr_only,instr_only,0.41589648798521256,0.8170055452865065,0.4011090573012939,36,128,0.007826429060919004,0.0074752517975866795,0.003306318672595547,0.002083155559375882,0.02409236691892147,0,35
lot_paper_mix__v1,candidate,mmd_rbf,B_reasoning_long,reasoning,instr_only,instr_only,0.18181818181818182,0.5858585858585859,0.40404040404040403,36,128,0.004167365602269355,0.00407283753156662,0.001463993764899905,0.0012463927268981934,0.010688782669603825,0,35
lot_paper_mix__v1,candidate,mmd_rbf,B_reasoning_math,reasoning,reasoning_only,reasoning_only,0.29251958554460455,0.8208112206216831,0.5282916350770785,36,128,0.008602013811469078,0.007349443854764104,0.007074686979192024,0.004215470049530268,0.04904291033744812,0,35
lot_paper_mix__v1,candidate,mmd_rbf,B_uncensored,uncensored_refusal_like,uncensored_only,uncensored_only,-0.44840296321020623,0.24281690402017506,0.6912198672303813,36,128,0.06252705541232394,0.05050617270171642,0.046294345430287126,0.012708949856460094,0.21214799582958221,0,1
lot_paper_mix__v1,candidate,projected_js,B_if,instruction,instr_only,instr_only,0.41589648798521256,0.8170055452865065,0.4011090573012939,36,128,0.06288340347317797,0.06399633089313284,0.006758221469553451,0.03948452410986647,0.08076485560741276,0,35
lot_paper_mix__v1,candidate,projected_js,B_reasoning_long,reasoning,instr_only,instr_only,0.18181818181818182,0.5858585858585859,0.40404040404040403,36,128,0.053494059894647866,0.05474478559335694,0.004893673329715341,0.03334171333699487,0.061663024011068046,0,35
lot_paper_mix__v1,candidate,projected_js,B_reasoning_math,reasoning,reasoning_only,reasoning_only,0.29251958554460455,0.8208112206216831,0.5282916350770785,36,128,0.06228095316328108,0.06180461434996687,0.007115649392083339,0.049261805455898866,0.10086333274375647,0,35
lot_paper_mix__v1,candidate,projected_js,B_uncensored,uncensored_refusal_like,uncensored_only,uncensored_only,-0.44840296321020623,0.24281690402017506,0.6912198672303813,36,128,0.10756766312988475,0.0989843029237818,0.03764790443678945,0.06308314637863077,0.2380892443470657,0,1
lot_paper_reasoning,candidate,mmd_rbf,B_if,instruction,instr_only,instr_only,0.29944547134935307,0.8170055452865065,0.5175600739371534,36,128,0.011076511110230867,0.010313544422388077,0.00628568589322502,0.0021805583965033293,0.04422295093536377,0,35
lot_paper_reasoning,candidate,mmd_rbf,B_reasoning_long,reasoning,instr_only,instr_only,0.2727272727272727,0.5858585858585859,0.31313131313131315,36,128,0.006201851799333882,0.005425137933343649,0.00372726053345998,0.0010944426758214831,0.025318054482340813,0,35
lot_paper_reasoning,candidate,mmd_rbf,B_reasoning_math,reasoning,reasoning_only,reasoning_only,0.23599949456659086,0.8208112206216831,0.5848117260550922,36,128,0.011708779053555595,0.011619468219578266,0.005681642549614236,0.0038676410913467407,0.04163743183016777,0,35
lot_paper_reasoning,candidate,mmd_rbf,B_uncensored,uncensored_refusal_like,uncensored_only,uncensored_only,-0.2874946224595757,0.24281690402017506,0.5303115264797508,36,128,0.07361981655574507,0.05842079967260361,0.04852381428903686,0.013741403818130493,0.22986546158790588,0,1
lot_paper_reasoning,candidate,projected_js,B_if,instruction,instr_only,instr_only,0.29944547134935307,0.8170055452865065,0.5175600739371534,36,128,0.06633213252563211,0.06898243597242981,0.010535722541077132,0.03633980851736851,0.10220228281104937,0,35
lot_paper_reasoning,candidate,projected_js,B_reasoning_long,reasoning,instr_only,instr_only,0.2727272727272727,0.5858585858585859,0.31313131313131315,36,128,0.05642944418691008,0.05888402252458036,0.007649969169256566,0.030780167900957167,0.07212426286423579,0,35
lot_paper_reasoning,candidate,projected_js,B_reasoning_math,reasoning,reasoning_only,reasoning_only,0.23599949456659086,0.8208112206216831,0.5848117260550922,36,128,0.06422253689621964,0.06456954023451544,0.005972368840820191,0.04715107989613898,0.08779321820475161,0,35
lot_paper_reasoning,candidate,projected_js,B_uncensored,uncensored_refusal_like,uncensored_only,uncensored_only,-0.2874946224595757,0.24281690402017506,0.5303115264797508,36,128,0.11814710194772084,0.10713866786682047,0.03857806491916331,0.06493557340581901,0.25481026561465114,0,1
lot_paper_reasoning__v1,candidate,mmd_rbf,B_if,instruction,instr_only,instr_only,0.4436229205175601,0.8170055452865065,0.3733826247689464,36,128,0.010020950563355453,0.009736708365380764,0.00573097314570982,0.002277478575706482,0.04129759594798088,0,35
lot_paper_reasoning__v1,candidate,mmd_rbf,B_reasoning_long,reasoning,instr_only,instr_only,0.13131313131313133,0.5858585858585859,0.45454545454545453,36,128,0.004147778656463035,0.0038617977406829596,0.0022233114888879865,0.0012038917047902942,0.016587167978286743,0,35
lot_paper_reasoning__v1,candidate,mmd_rbf,B_reasoning_math,reasoning,reasoning_only,reasoning_only,0.29054839524892595,0.8208112206216831,0.5302628253727572,36,128,0.007020491058938205,0.00637642340734601,0.005221918675748426,0.004014548845589161,0.03661070391535759,0,35
lot_paper_reasoning__v1,candidate,mmd_rbf,B_uncensored,uncensored_refusal_like,uncensored_only,uncensored_only,-0.31258103397122083,0.24281690402017506,0.5553979379913959,36,128,0.07275689328606758,0.05844898335635662,0.050297940279575536,0.01314482744783163,0.23264189064502716,0,1
lot_paper_reasoning__v1,candidate,projected_js,B_if,instruction,instr_only,instr_only,0.4436229205175601,0.8170055452865065,0.3733826247689464,36,128,0.0654427342657679,0.06684510264312848,0.008661004185275786,0.040994937502546236,0.09699160791933537,0,35
lot_paper_reasoning__v1,candidate,projected_js,B_reasoning_long,reasoning,instr_only,instr_only,0.13131313131313133,0.5858585858585859,0.45454545454545453,36,128,0.05322093312214646,0.054380768720875494,0.005170846540403228,0.032958682713797316,0.06591978308279067,0,35
lot_paper_reasoning__v1,candidate,projected_js,B_reasoning_math,reasoning,reasoning_only,reasoning_only,0.29054839524892595,0.8208112206216831,0.5302628253727572,36,128,0.060067153696662795,0.059877511390368454,0.005420022949754101,0.04812692082487047,0.08708426880184561,0,35
lot_paper_reasoning__v1,candidate,projected_js,B_uncensored,uncensored_refusal_like,uncensored_only,uncensored_only,-0.31258103397122083,0.24281690402017506,0.5553979379913959,36,128,0.1166015318311919,0.10812721974798478,0.040105668762339036,0.06594242039136589,0.2542077554971911,0,1
lot_paper_uncensored_refusal_like,candidate,mmd_rbf,B_if,instruction,instr_only,instr_only,0.3290203327171904,0.8170055452865065,0.4879852125693161,36,128,0.008215738932550367,0.007710344856604934,0.0026636965705768016,0.002083170460537076,0.01702396385371685,0,35
lot_paper_uncensored_refusal_like,candidate,mmd_rbf,B_reasoning_long,reasoning,instr_only,instr_only,0.30808080808080807,0.5858585858585859,0.2777777777777778,36,128,0.0066990597503415,0.005983741022646427,0.002385657084479873,0.0011124849552288651,0.013431127183139324,0,1
lot_paper_uncensored_refusal_like,candidate,mmd_rbf,B_reasoning_math,reasoning,reasoning_only,reasoning_only,0.31858731362143033,0.8208112206216831,0.5022239070002528,36,128,0.017842382593597803,0.016539613716304302,0.012471200744341403,0.004011118318885565,0.0884438008069992,0,35
lot_paper_uncensored_refusal_like,candidate,mmd_rbf,B_uncensored,uncensored_refusal_like,uncensored_only,uncensored_only,-0.5824193368936359,0.24281690402017506,0.825236240913811,36,128,0.06865236605517566,0.061647942289710045,0.04140574425085136,0.013349032960832119,0.1998308151960373,0,1
lot_paper_uncensored_refusal_like,candidate,projected_js,B_if,instruction,instr_only,instr_only,0.3290203327171904,0.8170055452865065,0.4879852125693161,36,128,0.0629859917741366,0.06509051617467776,0.006666014190196526,0.03684416903706733,0.07182174065383151,0,32
lot_paper_uncensored_refusal_like,candidate,projected_js,B_reasoning_long,reasoning,instr_only,instr_only,0.30808080808080807,0.5858585858585859,0.2777777777777778,36,128,0.058532798870954944,0.05997385426599067,0.00579143684649917,0.03190213213383686,0.06540994305396453,0,34
lot_paper_uncensored_refusal_like,candidate,projected_js,B_reasoning_math,reasoning,reasoning_only,reasoning_only,0.31858731362143033,0.8208112206216831,0.5022239070002528,36,128,0.07038997279192295,0.06938386042020284,0.012035753790603695,0.04838845439371653,0.13570629572495818,0,35
lot_paper_uncensored_refusal_like,candidate,projected_js,B_uncensored,uncensored_refusal_like,uncensored_only,uncensored_only,-0.5824193368936359,0.24281690402017506,0.825236240913811,36,128,0.11497898741072277,0.11226879648165777,0.03310939322949025,0.0643545531493146,0.22973793715937063,0,1
lot_paper_uncensored_refusal_like__v1,candidate,mmd_rbf,B_if,instruction,instr_only,instr_only,0.46210720887245843,0.8170055452865065,0.35489833641404805,36,128,0.008170862171229802,0.008247979916632175,0.0036733949164303643,0.0020524084102362394,0.026736563071608543,0,35
lot_paper_uncensored_refusal_like__v1,candidate,mmd_rbf,B_reasoning_long,reasoning,instr_only,instr_only,0.18181818181818182,0.5858585858585859,0.40404040404040403,36,128,0.005385926064466023,0.005615297006443143,0.0013436245747960882,0.00125943124294281,0.008025925606489182,0,35
lot_paper_uncensored_refusal_like__v1,candidate,mmd_rbf,B_reasoning_math,reasoning,reasoning_only,reasoning_only,0.37321202931513775,0.8208112206216831,0.44759919130654535,36,128,0.010268347117946379,0.008213500026613474,0.010471900114805897,0.004168510437011719,0.07158683240413666,0,35
lot_paper_uncensored_refusal_like__v1,candidate,mmd_rbf,B_uncensored,uncensored_refusal_like,uncensored_only,uncensored_only,-0.3361383696780893,0.24281690402017506,0.5789552736982644,36,128,0.060532625247206956,0.04946177639067173,0.04540906123737829,0.0118651632219553,0.20804600417613983,0,1
lot_paper_uncensored_refusal_like__v1,candidate,projected_js,B_if,instruction,instr_only,instr_only,0.46210720887245843,0.8170055452865065,0.35489833641404805,36,128,0.06290073433370304,0.06384065838938113,0.006866078826725646,0.040836407482856885,0.0803485358483158,0,35
lot_paper_uncensored_refusal_like__v1,candidate,projected_js,B_reasoning_long,reasoning,instr_only,instr_only,0.18181818181818182,0.5858585858585859,0.40404040404040403,36,128,0.05581574503513467,0.05702736058447044,0.0050809296945009755,0.03726009637466632,0.06300999267841689,0,34
lot_paper_uncensored_refusal_like__v1,candidate,projected_js,B_reasoning_math,reasoning,reasoning_only,reasoning_only,0.37321202931513775,0.8208112206216831,0.44759919130654535,36,128,0.06380540843060266,0.0624758253688924,0.009603836762054075,0.04956415729247965,0.11690917995292693,0,35
lot_paper_uncensored_refusal_like__v1,candidate,projected_js,B_uncensored,uncensored_refusal_like,uncensored_only,uncensored_only,-0.3361383696780893,0.24281690402017506,0.5789552736982644,36,128,0.10589991736277524,0.09897060677758418,0.037027533557044696,0.06061807504738681,0.2400848717079498,0,1
reasoning_only,reference,mmd_rbf,B_if,instruction,instr_only,instr_only,0.5804066543438078,0.8170055452865065,0.2365988909426987,36,128,0.026836338608215254,0.026343585923314095,0.010085431167433807,0.011016855016350746,0.08166186511516571,0,35
reasoning_only,reference,mmd_rbf,B_reasoning_long,reasoning,instr_only,instr_only,0.06565656565656564,0.5858585858585859,0.5202020202020202,36,128,0.01593106753555023,0.014448987785726786,0.012548953901578511,0.0066307769156992435,0.08794448524713516,0,35
reasoning_only,reference,mmd_rbf,B_reasoning_math,reasoning,reasoning_only,reasoning_only,0.0,0.8208112206216831,0.8208112206216831,36,128,0.0,0.0,0.0,0.0,0.0,0,0
reasoning_only,reference,mmd_rbf,B_uncensored,uncensored_refusal_like,uncensored_only,uncensored_only,-0.06665739504524557,0.24281690402017506,0.3094742990654206,36,128,0.10831866196046273,0.09427965804934502,0.0508069299943768,0.05430677533149719,0.2682696282863617,0,1
reasoning_only,reference,projected_js,B_if,instruction,instr_only,instr_only,0.5804066543438078,0.8170055452865065,0.2365988909426987,36,128,0.083338498778984,0.08329044398851693,0.009361673753432416,0.06842071923892945,0.13249367574462667,1,35
reasoning_only,reference,projected_js,B_reasoning_long,reasoning,instr_only,instr_only,0.06565656565656564,0.5858585858585859,0.5202020202020202,36,128,0.06914956361692425,0.06788224347110372,0.010521154505389775,0.05579599164775573,0.1277130434755236,0,35
reasoning_only,reference,projected_js,B_reasoning_math,reasoning,reasoning_only,reasoning_only,0.0,0.8208112206216831,0.8208112206216831,36,128,0.0,0.0,0.0,0.0,0.0,0,0
reasoning_only,reference,projected_js,B_uncensored,uncensored_refusal_like,uncensored_only,uncensored_only,-0.06665739504524557,0.24281690402017506,0.3094742990654206,36,128,0.14751646075375094,0.13948830764275044,0.038426629318272884,0.10379050904884934,0.27845814294414595,11,1
task_arithmetic_best,candidate,mmd_rbf,B_if,instruction,instr_only,instr_only,0.32347504621072093,0.8170055452865065,0.49353049907578556,36,128,0.005844857010136669,0.005822512786835432,0.0036137990508751778,0.0017907441360875964,0.024647947400808334,0,35
task_arithmetic_best,candidate,mmd_rbf,B_reasoning_long,reasoning,instr_only,instr_only,0.06060606060606055,0.5858585858585859,0.5252525252525253,36,128,0.003112649629151242,0.0027168883243575692,0.002486038025394753,0.0010293395025655627,0.01692902483046055,0,35
task_arithmetic_best,candidate,mmd_rbf,B_reasoning_math,reasoning,reasoning_only,reasoning_only,-0.04772554965883247,0.8208112206216831,0.8685367702805156,36,128,0.009972013274414672,0.009529095143079758,0.005456907813682697,0.003976968117058277,0.038146380335092545,0,35
task_arithmetic_best,candidate,mmd_rbf,B_uncensored,uncensored_refusal_like,uncensored_only,uncensored_only,-0.20978332220738763,0.24281690402017506,0.4526002262275627,36,128,0.053320139568919935,0.041022878140211105,0.04737567405366854,0.013545162044465542,0.21928825974464417,0,1
task_arithmetic_best,candidate,projected_js,B_if,instruction,instr_only,instr_only,0.32347504621072093,0.8170055452865065,0.49353049907578556,36,128,0.05809323119279321,0.059789279534015805,0.007642431396195799,0.03444075016886927,0.08129665104206651,0,35
task_arithmetic_best,candidate,projected_js,B_reasoning_long,reasoning,instr_only,instr_only,0.06060606060606055,0.5858585858585859,0.5252525252525253,36,128,0.050028625931493785,0.0510361368797021,0.006012124053509098,0.03039347514277324,0.06742631137603894,0,35
task_arithmetic_best,candidate,projected_js,B_reasoning_math,reasoning,reasoning_only,reasoning_only,-0.04772554965883247,0.8208112206216831,0.8685367702805156,36,128,0.06331394220251241,0.06288537448563147,0.0057940137513223435,0.045527343012508936,0.08876908110687509,0,35
task_arithmetic_best,candidate,projected_js,B_uncensored,uncensored_refusal_like,uncensored_only,uncensored_only,-0.20978332220738763,0.24281690402017506,0.4526002262275627,36,128,0.10055628615939188,0.08995262862299569,0.03931432955286861,0.06239061104133725,0.24928020732477307,0,1
ties_best,candidate,mmd_rbf,B_if,instruction,instr_only,instr_only,0.33086876155268025,0.8170055452865065,0.48613678373382624,36,128,0.006915760090729843,0.006728347623720765,0.006740651729459722,0.0018321126699447632,0.04514424502849579,0,35
ties_best,candidate,mmd_rbf,B_reasoning_long,reasoning,instr_only,instr_only,0.0757575757575758,0.5858585858585859,0.51010101010101,36,128,0.003715912475147181,0.0030647842213511467,0.004982385620759016,0.0010856598382815719,0.03262079879641533,0,35
ties_best,candidate,mmd_rbf,B_reasoning_math,reasoning,reasoning_only,reasoning_only,0.03143795804902705,0.8208112206216831,0.789373262572656,36,128,0.011263925245859556,0.011260075028985739,0.0038750335861121423,0.004533466883003712,0.024768516421318054,0,35
ties_best,candidate,mmd_rbf,B_uncensored,uncensored_refusal_like,uncensored_only,uncensored_only,-0.21568016614745586,0.24281690402017506,0.4584970701676309,36,128,0.054703859560605556,0.042467258870601654,0.04701540926612821,0.012558186426758766,0.21494142711162567,0,1
ties_best,candidate,projected_js,B_if,instruction,instr_only,instr_only,0.33086876155268025,0.8170055452865065,0.48613678373382624,36,128,0.06024425990674192,0.061414901341777295,0.009969055908434696,0.03465174982557073,0.10227649414446205,0,35
ties_best,candidate,projected_js,B_reasoning_long,reasoning,instr_only,instr_only,0.0757575757575758,0.5858585858585859,0.51010101010101,36,128,0.05083991662508601,0.05137792605091818,0.007825450376113647,0.030139061127556488,0.08298076392384246,0,35
ties_best,candidate,projected_js,B_reasoning_math,reasoning,reasoning_only,reasoning_only,0.03143795804902705,0.8208112206216831,0.789373262572656,36,128,0.06459928072824066,0.06473894014197867,0.004639332641811563,0.048298621841240674,0.0772334985085763,0,35
ties_best,candidate,projected_js,B_uncensored,uncensored_refusal_like,uncensored_only,uncensored_only,-0.21568016614745586,0.24281690402017506,0.4584970701676309,36,128,0.10110955785219428,0.09000012575415894,0.038872840793298925,0.0585710474406369,0.2442875700944569,0,1
uncensored_only,reference,mmd_rbf,B_if,instruction,instr_only,instr_only,0.09242144177449174,0.8170055452865065,0.7245841035120147,36,128,0.027404433853613835,0.017144860699772835,0.02934800443649857,0.007435608189553022,0.13801193237304688,0,1
uncensored_only,reference,mmd_rbf,B_reasoning_long,reasoning,instr_only,instr_only,0.25252525252525254,0.5858585858585859,0.3333333333333333,36,128,0.017267145565710962,0.010773018468171358,0.01927525778941292,0.003987258765846491,0.08800189942121506,0,1
uncensored_only,reference,mmd_rbf,B_reasoning_math,reasoning,reasoning_only,reasoning_only,0.26516300227445033,0.8208112206216831,0.5556482183472328,36,128,0.031268074461776346,0.021678795106709003,0.024200525780345095,0.011533361859619617,0.10175497829914093,0,2
uncensored_only,reference,mmd_rbf,B_uncensored,uncensored_refusal_like,uncensored_only,uncensored_only,0.0,0.24281690402017506,0.24281690402017506,36,128,0.0,0.0,0.0,0.0,0.0,0,0
uncensored_only,reference,projected_js,B_if,instruction,instr_only,instr_only,0.09242144177449174,0.8170055452865065,0.7245841035120147,36,128,0.08049416637489533,0.07402288852608763,0.02094268993714678,0.0442080265347613,0.16134657588554546,0,1
uncensored_only,reference,projected_js,B_reasoning_long,reasoning,instr_only,instr_only,0.25252525252525254,0.5858585858585859,0.3333333333333333,36,128,0.06854061970928645,0.06409039722348098,0.015321235074000853,0.03603906564239878,0.12361701572081074,0,1
uncensored_only,reference,projected_js,B_reasoning_math,reasoning,reasoning_only,reasoning_only,0.26516300227445033,0.8208112206216831,0.5556482183472328,36,128,0.08292567487094654,0.07519336190307513,0.018229275321225327,0.06552949349861592,0.1359902478288859,0,1
uncensored_only,reference,projected_js,B_uncensored,uncensored_refusal_like,uncensored_only,uncensored_only,0.0,0.24281690402017506,0.24281690402017506,36,128,0.0,0.0,0.0,0.0,0.0,0,0
