parent_id,aim_model_id,aim_calibration,focus_domain,bundle_id,specialist_id,calibration_relation,activation_probe_subset,specialist_bundle_score,parent_bundle_score,aim_bundle_score,delta_bundle_score,parent_F_i,aim_F_i,delta_F_i,parent_aggregate,aim_aggregate,delta_aggregate,parent_if_score,aim_if_score,delta_if_score,parent_reasoning_math_score,aim_reasoning_math_score,delta_reasoning_math_score,parent_reasoning_long_score,aim_reasoning_long_score,delta_reasoning_long_score,parent_safety_score,aim_safety_score,delta_safety_score,parent_to_specialist_mmd,aim_to_specialist_mmd,delta_to_specialist_mmd,parent_to_specialist_js,aim_to_specialist_js,delta_to_specialist_js,parent_to_base_mmd,aim_to_base_mmd,delta_to_base_mmd,parent_to_base_js,aim_to_base_js,delta_to_base_js
breadcrumbs_best,aim_on_breadcrumbs__calib_general,general,instruction,B_if,instr_only,general_far,instruction,0.817005545287,0.778188539741,0.77449168207,-0.00369685767098,0.0388170055453,0.0425138632163,0.00369685767098,0.671004193445,0.670682392169,-0.000321801275555,0.778188539741,0.77449168207,-0.00369685767098,0.840131412686,0.872327520849,0.0321961081627,0.525252525253,0.479797979798,-0.0454545454545,0.540444296099,0.556112385959,0.0156680898606,0.00553057878278,,,0.0571705872616,,,0.0141440809109,,,0.0699166505648,,
breadcrumbs_best,aim_on_breadcrumbs__calib_general,general,reasoning_long,B_reasoning_long,instr_only,general_far,reasoning,0.585858585859,0.525252525253,0.479797979798,-0.0454545454545,0.0606060606061,0.106060606061,0.0454545454545,0.671004193445,0.670682392169,-0.000321801275555,0.778188539741,0.77449168207,-0.00369685767098,0.840131412686,0.872327520849,0.0321961081627,0.525252525253,0.479797979798,-0.0454545454545,0.540444296099,0.556112385959,0.0156680898606,0.00336673730635,,,0.0503214558198,,,0.00791240578595,,,0.0600639987064,,
breadcrumbs_best,aim_on_breadcrumbs__calib_general,general,reasoning_math,B_reasoning_math,reasoning_only,general_far,reasoning,0.820811220622,0.840131412686,0.872327520849,0.0321961081627,-0.0193201920647,-0.0515163002274,-0.0321961081627,0.671004193445,0.670682392169,-0.000321801275555,0.778188539741,0.77449168207,-0.00369685767098,0.840131412686,0.872327520849,0.0321961081627,0.525252525253,0.479797979798,-0.0454545454545,0.540444296099,0.556112385959,0.0156680898606,0.00970326043898,,,0.0621853601689,,,0.00791240578595,,,0.0600639987064,,
breadcrumbs_best,aim_on_breadcrumbs__calib_general,general,uncensored,B_uncensored,uncensored_only,general_far,uncensored_refusal_like,0.24281690402,0.468740542946,0.481483181279,0.0127426383326,-0.225923638926,-0.238666277259,-0.0127426383326,0.671004193445,0.670682392169,-0.000321801275555,0.778188539741,0.77449168207,-0.00369685767098,0.840131412686,0.872327520849,0.0321961081627,0.525252525253,0.479797979798,-0.0454545454545,0.540444296099,0.556112385959,0.0156680898606,0.0603197995677,,,0.104916025109,,,0.0466724791461,,,0.0943592497311,,
breadcrumbs_best,aim_on_breadcrumbs__calib_instruction,instruction,instruction,B_if,instr_only,matched,instruction,0.817005545287,0.778188539741,0.781885397412,0.00369685767098,0.0388170055453,0.0351201478743,-0.00369685767098,0.671004193445,0.674791830133,0.00378763668882,0.778188539741,0.781885397412,0.00369685767098,0.840131412686,0.842784938084,0.00265352539803,0.525252525253,0.515151515152,-0.010101010101,0.540444296099,0.559345469886,0.0189011737873,0.00553057878278,,,0.0571705872616,,,0.0141440809109,,,0.0699166505648,,
breadcrumbs_best,aim_on_breadcrumbs__calib_instruction,instruction,reasoning_long,B_reasoning_long,instr_only,off_domain,reasoning,0.585858585859,0.525252525253,0.515151515152,-0.010101010101,0.0606060606061,0.0707070707071,0.010101010101,0.671004193445,0.674791830133,0.00378763668882,0.778188539741,0.781885397412,0.00369685767098,0.840131412686,0.842784938084,0.00265352539803,0.525252525253,0.515151515152,-0.010101010101,0.540444296099,0.559345469886,0.0189011737873,0.00336673730635,,,0.0503214558198,,,0.00791240578595,,,0.0600639987064,,
breadcrumbs_best,aim_on_breadcrumbs__calib_instruction,instruction,reasoning_math,B_reasoning_math,reasoning_only,off_domain,reasoning,0.820811220622,0.840131412686,0.842784938084,0.00265352539803,-0.0193201920647,-0.0219737174627,-0.00265352539803,0.671004193445,0.674791830133,0.00378763668882,0.778188539741,0.781885397412,0.00369685767098,0.840131412686,0.842784938084,0.00265352539803,0.525252525253,0.515151515152,-0.010101010101,0.540444296099,0.559345469886,0.0189011737873,0.00970326043898,,,0.0621853601689,,,0.00791240578595,,,0.0600639987064,,
breadcrumbs_best,aim_on_breadcrumbs__calib_instruction,instruction,uncensored,B_uncensored,uncensored_only,off_domain,uncensored_refusal_like,0.24281690402,0.468740542946,0.482830996885,0.0140904539386,-0.225923638926,-0.240014092865,-0.0140904539386,0.671004193445,0.674791830133,0.00378763668882,0.778188539741,0.781885397412,0.00369685767098,0.840131412686,0.842784938084,0.00265352539803,0.525252525253,0.515151515152,-0.010101010101,0.540444296099,0.559345469886,0.0189011737873,0.0603197995677,,,0.104916025109,,,0.0466724791461,,,0.0943592497311,,
breadcrumbs_best,aim_on_breadcrumbs,mix,instruction,B_if,instr_only,mixed,instruction,0.817005545287,0.778188539741,0.780036968577,0.00184842883549,0.0388170055453,0.0369685767098,-0.00184842883549,0.671004193445,0.673668256858,0.00266406341297,0.778188539741,0.780036968577,0.00184842883549,0.840131412686,0.823085670963,-0.0170457417235,0.525252525253,0.530303030303,0.0050505050505,0.540444296099,0.561247357588,0.0208030614894,0.00553057878278,,,0.0571705872616,,,0.0141440809109,,,0.0699166505648,,
breadcrumbs_best,aim_on_breadcrumbs,mix,reasoning_long,B_reasoning_long,instr_only,mixed,reasoning,0.585858585859,0.525252525253,0.530303030303,0.0050505050505,0.0606060606061,0.0555555555556,-0.0050505050505,0.671004193445,0.673668256858,0.00266406341297,0.778188539741,0.780036968577,0.00184842883549,0.840131412686,0.823085670963,-0.0170457417235,0.525252525253,0.530303030303,0.0050505050505,0.540444296099,0.561247357588,0.0208030614894,0.00336673730635,,,0.0503214558198,,,0.00791240578595,,,0.0600639987064,,
breadcrumbs_best,aim_on_breadcrumbs,mix,reasoning_math,B_reasoning_math,reasoning_only,mixed,reasoning,0.820811220622,0.840131412686,0.823085670963,-0.0170457417235,-0.0193201920647,-0.00227445034117,0.0170457417235,0.671004193445,0.673668256858,0.00266406341297,0.778188539741,0.780036968577,0.00184842883549,0.840131412686,0.823085670963,-0.0170457417235,0.525252525253,0.530303030303,0.0050505050505,0.540444296099,0.561247357588,0.0208030614894,0.00970326043898,,,0.0621853601689,,,0.00791240578595,,,0.0600639987064,,
breadcrumbs_best,aim_on_breadcrumbs,mix,uncensored,B_uncensored,uncensored_only,mixed,uncensored_refusal_like,0.24281690402,0.468740542946,0.483885365673,0.0151448227266,-0.225923638926,-0.241068461653,-0.0151448227266,0.671004193445,0.673668256858,0.00266406341297,0.778188539741,0.780036968577,0.00184842883549,0.840131412686,0.823085670963,-0.0170457417235,0.525252525253,0.530303030303,0.0050505050505,0.540444296099,0.561247357588,0.0208030614894,0.0603197995677,,,0.104916025109,,,0.0466724791461,,,0.0943592497311,,
breadcrumbs_best,aim_on_breadcrumbs__calib_reasoning,reasoning,instruction,B_if,instr_only,off_domain,instruction,0.817005545287,0.778188539741,0.79112754159,0.0129390018484,0.0388170055453,0.0258780036969,-0.0129390018484,0.671004193445,0.679744407797,0.00874021435237,0.778188539741,0.79112754159,0.0129390018484,0.840131412686,0.83975233763,-0.000379075056861,0.525252525253,0.530303030303,0.0050505050505,0.540444296099,0.557794721666,0.0173504255674,0.00553057878278,,,0.0571705872616,,,0.0141440809109,,,0.0699166505648,,
breadcrumbs_best,aim_on_breadcrumbs__calib_reasoning,reasoning,reasoning_long,B_reasoning_long,instr_only,matched,reasoning,0.585858585859,0.525252525253,0.530303030303,0.0050505050505,0.0606060606061,0.0555555555556,-0.0050505050505,0.671004193445,0.679744407797,0.00874021435237,0.778188539741,0.79112754159,0.0129390018484,0.840131412686,0.83975233763,-0.000379075056861,0.525252525253,0.530303030303,0.0050505050505,0.540444296099,0.557794721666,0.0173504255674,0.00336673730635,,,0.0503214558198,,,0.00791240578595,,,0.0600639987064,,
breadcrumbs_best,aim_on_breadcrumbs__calib_reasoning,reasoning,reasoning_math,B_reasoning_math,reasoning_only,matched,reasoning,0.820811220622,0.840131412686,0.83975233763,-0.000379075056861,-0.0193201920647,-0.0189411170078,0.000379075056861,0.671004193445,0.679744407797,0.00874021435237,0.778188539741,0.79112754159,0.0129390018484,0.840131412686,0.83975233763,-0.000379075056861,0.525252525253,0.530303030303,0.0050505050505,0.540444296099,0.557794721666,0.0173504255674,0.00970326043898,,,0.0621853601689,,,0.00791240578595,,,0.0600639987064,,
breadcrumbs_best,aim_on_breadcrumbs__calib_reasoning,reasoning,uncensored,B_uncensored,uncensored_only,off_domain,uncensored_refusal_like,0.24281690402,0.468740542946,0.482985554814,0.0142450118677,-0.225923638926,-0.240168650794,-0.0142450118677,0.671004193445,0.679744407797,0.00874021435237,0.778188539741,0.79112754159,0.0129390018484,0.840131412686,0.83975233763,-0.000379075056861,0.525252525253,0.530303030303,0.0050505050505,0.540444296099,0.557794721666,0.0173504255674,0.0603197995677,,,0.104916025109,,,0.0466724791461,,,0.0943592497311,,
breadcrumbs_best,aim_on_breadcrumbs__calib_uncensored_refusal_like,uncensored_refusal_like,instruction,B_if,instr_only,off_domain,instruction,0.817005545287,0.778188539741,0.792975970425,0.0147874306839,0.0388170055453,0.0240295748614,-0.0147874306839,0.671004193445,0.669810885361,-0.00119330808342,0.778188539741,0.792975970425,0.0147874306839,0.840131412686,0.857556229467,0.0174248167804,0.525252525253,0.489898989899,-0.0353535353535,0.540444296099,0.538812351654,-0.00163194444444,0.00553057878278,,,0.0571705872616,,,0.0141440809109,,,0.0699166505648,,
breadcrumbs_best,aim_on_breadcrumbs__calib_uncensored_refusal_like,uncensored_refusal_like,reasoning_long,B_reasoning_long,instr_only,off_domain,reasoning,0.585858585859,0.525252525253,0.489898989899,-0.0353535353535,0.0606060606061,0.0959595959596,0.0353535353535,0.671004193445,0.669810885361,-0.00119330808342,0.778188539741,0.792975970425,0.0147874306839,0.840131412686,0.857556229467,0.0174248167804,0.525252525253,0.489898989899,-0.0353535353535,0.540444296099,0.538812351654,-0.00163194444444,0.00336673730635,,,0.0503214558198,,,0.00791240578595,,,0.0600639987064,,
breadcrumbs_best,aim_on_breadcrumbs__calib_uncensored_refusal_like,uncensored_refusal_like,reasoning_math,B_reasoning_math,reasoning_only,off_domain,reasoning,0.820811220622,0.840131412686,0.857556229467,0.0174248167804,-0.0193201920647,-0.0367450088451,-0.0174248167804,0.671004193445,0.669810885361,-0.00119330808342,0.778188539741,0.792975970425,0.0147874306839,0.840131412686,0.857556229467,0.0174248167804,0.525252525253,0.489898989899,-0.0353535353535,0.540444296099,0.538812351654,-0.00163194444444,0.00970326043898,,,0.0621853601689,,,0.00791240578595,,,0.0600639987064,,
breadcrumbs_best,aim_on_breadcrumbs__calib_uncensored_refusal_like,uncensored_refusal_like,uncensored,B_uncensored,uncensored_only,matched,uncensored_refusal_like,0.24281690402,0.468740542946,0.459157209613,-0.00958333333333,-0.225923638926,-0.216340305593,0.00958333333333,0.671004193445,0.669810885361,-0.00119330808342,0.778188539741,0.792975970425,0.0147874306839,0.840131412686,0.857556229467,0.0174248167804,0.525252525253,0.489898989899,-0.0353535353535,0.540444296099,0.538812351654,-0.00163194444444,0.0603197995677,,,0.104916025109,,,0.0466724791461,,,0.0943592497311,,
dare_best,aim_on_dare__calib_general,general,instruction,B_if,instr_only,general_far,instruction,0.817005545287,0.500924214418,0.523105360444,0.0221811460259,0.316081330869,0.293900184843,-0.0221811460259,0.586030277404,0.602455445601,0.0164251681968,0.500924214418,0.523105360444,0.0221811460259,0.756798079353,0.772327520849,0.0155294414961,0.540404040404,0.570707070707,0.030303030303,0.545994775441,0.543681830404,-0.00231294503783,0.00697449626427,,,0.0610766302319,,,0.0155514796756,,,0.0711301771824,,
dare_best,aim_on_dare__calib_general,general,reasoning_long,B_reasoning_long,instr_only,general_far,reasoning,0.585858585859,0.540404040404,0.570707070707,0.030303030303,0.0454545454545,0.0151515151515,-0.030303030303,0.586030277404,0.602455445601,0.0164251681968,0.500924214418,0.523105360444,0.0221811460259,0.756798079353,0.772327520849,0.0155294414961,0.540404040404,0.570707070707,0.030303030303,0.545994775441,0.543681830404,-0.00231294503783,0.00381690383074,,,0.0525015122851,,,0.00902474089526,,,0.0608454513777,,
dare_best,aim_on_dare__calib_general,general,reasoning_math,B_reasoning_math,reasoning_only,general_far,reasoning,0.820811220622,0.756798079353,0.772327520849,0.0155294414961,0.0640131412686,0.0484836997726,-0.0155294414961,0.586030277404,0.602455445601,0.0164251681968,0.500924214418,0.523105360444,0.0221811460259,0.756798079353,0.772327520849,0.0155294414961,0.540404040404,0.570707070707,0.030303030303,0.545994775441,0.543681830404,-0.00231294503783,0.0110124281556,,,0.0646210856301,,,0.00902474089526,,,0.0608454513777,,
dare_best,aim_on_dare__calib_general,general,uncensored,B_uncensored,uncensored_only,general_far,uncensored_refusal_like,0.24281690402,0.455400441329,0.458983181279,0.00358273994956,-0.212583537309,-0.216166277259,-0.00358273994956,0.586030277404,0.602455445601,0.0164251681968,0.500924214418,0.523105360444,0.0221811460259,0.756798079353,0.772327520849,0.0155294414961,0.540404040404,0.570707070707,0.030303030303,0.545994775441,0.543681830404,-0.00231294503783,0.051373634772,,,0.100124781092,,,0.0481076321772,,,0.0959506703657,,
dare_best,aim_on_dare__calib_instruction,instruction,instruction,B_if,instr_only,matched,instruction,0.817005545287,0.500924214418,0.50831792976,0.00739371534196,0.316081330869,0.308687615527,-0.00739371534196,0.586030277404,0.580414916891,-0.00561536051284,0.500924214418,0.50831792976,0.00739371534196,0.756798079353,0.770053070508,0.0132549911549,0.540404040404,0.5,-0.040404040404,0.545994775441,0.543288667297,-0.00270610814419,0.00697449626427,,,0.0610766302319,,,0.0155514796756,,,0.0711301771824,,
dare_best,aim_on_dare__calib_instruction,instruction,reasoning_long,B_reasoning_long,instr_only,off_domain,reasoning,0.585858585859,0.540404040404,0.5,-0.040404040404,0.0454545454545,0.0858585858586,0.040404040404,0.586030277404,0.580414916891,-0.00561536051284,0.500924214418,0.50831792976,0.00739371534196,0.756798079353,0.770053070508,0.0132549911549,0.540404040404,0.5,-0.040404040404,0.545994775441,0.543288667297,-0.00270610814419,0.00381690383074,,,0.0525015122851,,,0.00902474089526,,,0.0608454513777,,
dare_best,aim_on_dare__calib_instruction,instruction,reasoning_math,B_reasoning_math,reasoning_only,off_domain,reasoning,0.820811220622,0.756798079353,0.770053070508,0.0132549911549,0.0640131412686,0.0507581501137,-0.0132549911549,0.586030277404,0.580414916891,-0.00561536051284,0.500924214418,0.50831792976,0.00739371534196,0.756798079353,0.770053070508,0.0132549911549,0.540404040404,0.5,-0.040404040404,0.545994775441,0.543288667297,-0.00270610814419,0.0110124281556,,,0.0646210856301,,,0.00902474089526,,,0.0608454513777,,
dare_best,aim_on_dare__calib_instruction,instruction,uncensored,B_uncensored,uncensored_only,off_domain,uncensored_refusal_like,0.24281690402,0.455400441329,0.460681186026,0.00528074469663,-0.212583537309,-0.217864282006,-0.00528074469663,0.586030277404,0.580414916891,-0.00561536051284,0.500924214418,0.50831792976,0.00739371534196,0.756798079353,0.770053070508,0.0132549911549,0.540404040404,0.5,-0.040404040404,0.545994775441,0.543288667297,-0.00270610814419,0.051373634772,,,0.100124781092,,,0.0481076321772,,,0.0959506703657,,
dare_best,aim_on_dare,mix,instruction,B_if,instr_only,mixed,instruction,0.817005545287,0.500924214418,0.50831792976,0.00739371534196,0.316081330869,0.308687615527,-0.00739371534196,0.586030277404,0.580609751961,-0.00542052544319,0.500924214418,0.50831792976,0.00739371534196,0.756798079353,0.738994187516,-0.0178038918373,0.540404040404,0.535353535354,-0.00505050505051,0.545994775441,0.539773355214,-0.00622142022697,0.00697449626427,,,0.0610766302319,,,0.0155514796756,,,0.0711301771824,,
dare_best,aim_on_dare,mix,reasoning_long,B_reasoning_long,instr_only,mixed,reasoning,0.585858585859,0.540404040404,0.535353535354,-0.00505050505051,0.0454545454545,0.0505050505051,0.00505050505051,0.586030277404,0.580609751961,-0.00542052544319,0.500924214418,0.50831792976,0.00739371534196,0.756798079353,0.738994187516,-0.0178038918373,0.540404040404,0.535353535354,-0.00505050505051,0.545994775441,0.539773355214,-0.00622142022697,0.00381690383074,,,0.0525015122851,,,0.00902474089526,,,0.0608454513777,,
dare_best,aim_on_dare,mix,reasoning_math,B_reasoning_math,reasoning_only,mixed,reasoning,0.820811220622,0.756798079353,0.738994187516,-0.0178038918373,0.0640131412686,0.0818170331059,0.0178038918373,0.586030277404,0.580609751961,-0.00542052544319,0.500924214418,0.50831792976,0.00739371534196,0.756798079353,0.738994187516,-0.0178038918373,0.540404040404,0.535353535354,-0.00505050505051,0.545994775441,0.539773355214,-0.00622142022697,0.0110124281556,,,0.0646210856301,,,0.00902474089526,,,0.0608454513777,,
dare_best,aim_on_dare,mix,uncensored,B_uncensored,uncensored_only,mixed,uncensored_refusal_like,0.24281690402,0.455400441329,0.453771881027,-0.00162856030263,-0.212583537309,-0.210954977006,0.00162856030263,0.586030277404,0.580609751961,-0.00542052544319,0.500924214418,0.50831792976,0.00739371534196,0.756798079353,0.738994187516,-0.0178038918373,0.540404040404,0.535353535354,-0.00505050505051,0.545994775441,0.539773355214,-0.00622142022697,0.051373634772,,,0.100124781092,,,0.0481076321772,,,0.0959506703657,,
dare_best,aim_on_dare__calib_reasoning,reasoning,instruction,B_if,instr_only,off_domain,instruction,0.817005545287,0.500924214418,0.52865064695,0.0277264325323,0.316081330869,0.288354898336,-0.0277264325323,0.586030277404,0.57641719879,-0.00961307861409,0.500924214418,0.52865064695,0.0277264325323,0.756798079353,0.740510487743,-0.0162875916098,0.540404040404,0.494949494949,-0.0454545454545,0.545994775441,0.541558165517,-0.00443660992434,0.00697449626427,,,0.0610766302319,,,0.0155514796756,,,0.0711301771824,,
dare_best,aim_on_dare__calib_reasoning,reasoning,reasoning_long,B_reasoning_long,instr_only,matched,reasoning,0.585858585859,0.540404040404,0.494949494949,-0.0454545454545,0.0454545454545,0.0909090909091,0.0454545454545,0.586030277404,0.57641719879,-0.00961307861409,0.500924214418,0.52865064695,0.0277264325323,0.756798079353,0.740510487743,-0.0162875916098,0.540404040404,0.494949494949,-0.0454545454545,0.545994775441,0.541558165517,-0.00443660992434,0.00381690383074,,,0.0525015122851,,,0.00902474089526,,,0.0608454513777,,
dare_best,aim_on_dare__calib_reasoning,reasoning,reasoning_math,B_reasoning_math,reasoning_only,matched,reasoning,0.820811220622,0.756798079353,0.740510487743,-0.0162875916098,0.0640131412686,0.0803007328784,0.0162875916098,0.586030277404,0.57641719879,-0.00961307861409,0.500924214418,0.52865064695,0.0277264325323,0.756798079353,0.740510487743,-0.0162875916098,0.540404040404,0.494949494949,-0.0454545454545,0.545994775441,0.541558165517,-0.00443660992434,0.0110124281556,,,0.0646210856301,,,0.00902474089526,,,0.0608454513777,,
dare_best,aim_on_dare__calib_reasoning,reasoning,uncensored,B_uncensored,uncensored_only,off_domain,uncensored_refusal_like,0.24281690402,0.455400441329,0.453929405874,-0.00147103545468,-0.212583537309,-0.211112501854,0.00147103545468,0.586030277404,0.57641719879,-0.00961307861409,0.500924214418,0.52865064695,0.0277264325323,0.756798079353,0.740510487743,-0.0162875916098,0.540404040404,0.494949494949,-0.0454545454545,0.545994775441,0.541558165517,-0.00443660992434,0.051373634772,,,0.100124781092,,,0.0481076321772,,,0.0959506703657,,
dare_best,aim_on_dare__calib_uncensored_refusal_like,uncensored_refusal_like,instruction,B_if,instr_only,off_domain,instruction,0.817005545287,0.500924214418,0.519408502773,0.0184842883549,0.316081330869,0.297597042514,-0.0184842883549,0.586030277404,0.582219118666,-0.0038111587384,0.500924214418,0.519408502773,0.0184842883549,0.756798079353,0.754523629012,-0.00227445034117,0.540404040404,0.510101010101,-0.030303030303,0.545994775441,0.544843332777,-0.00115144266429,0.00697449626427,,,0.0610766302319,,,0.0155514796756,,,0.0711301771824,,
dare_best,aim_on_dare__calib_uncensored_refusal_like,uncensored_refusal_like,reasoning_long,B_reasoning_long,instr_only,off_domain,reasoning,0.585858585859,0.540404040404,0.510101010101,-0.030303030303,0.0454545454545,0.0757575757576,0.030303030303,0.586030277404,0.582219118666,-0.0038111587384,0.500924214418,0.519408502773,0.0184842883549,0.756798079353,0.754523629012,-0.00227445034117,0.540404040404,0.510101010101,-0.030303030303,0.545994775441,0.544843332777,-0.00115144266429,0.00381690383074,,,0.0525015122851,,,0.00902474089526,,,0.0608454513777,,
dare_best,aim_on_dare__calib_uncensored_refusal_like,uncensored_refusal_like,reasoning_math,B_reasoning_math,reasoning_only,off_domain,reasoning,0.820811220622,0.756798079353,0.754523629012,-0.00227445034117,0.0640131412686,0.0662875916098,0.00227445034117,0.586030277404,0.582219118666,-0.0038111587384,0.500924214418,0.519408502773,0.0184842883549,0.756798079353,0.754523629012,-0.00227445034117,0.540404040404,0.510101010101,-0.030303030303,0.545994775441,0.544843332777,-0.00115144266429,0.0110124281556,,,0.0646210856301,,,0.00902474089526,,,0.0608454513777,,
dare_best,aim_on_dare__calib_uncensored_refusal_like,uncensored_refusal_like,uncensored,B_uncensored,uncensored_only,matched,uncensored_refusal_like,0.24281690402,0.455400441329,0.464235554814,0.00883511348465,-0.212583537309,-0.221418650794,-0.00883511348465,0.586030277404,0.582219118666,-0.0038111587384,0.500924214418,0.519408502773,0.0184842883549,0.756798079353,0.754523629012,-0.00227445034117,0.540404040404,0.510101010101,-0.030303030303,0.545994775441,0.544843332777,-0.00115144266429,0.051373634772,,,0.100124781092,,,0.0481076321772,,,0.0959506703657,,
della_best,aim_on_della__calib_general,general,instruction,B_if,instr_only,general_far,instruction,0.817005545287,0.499075785582,0.500924214418,0.00184842883549,0.317929759704,0.316081330869,-0.00184842883549,0.595896908402,0.59547012284,-0.000426785562576,0.499075785582,0.500924214418,0.00184842883549,0.789373262573,0.805281779126,0.0159085165529,0.560606060606,0.530303030303,-0.030303030303,0.534532524848,0.545371467512,0.0108389426643,0.00675111296975,,,0.0609567262953,,,0.0156482894284,,,0.0709294733485,,
della_best,aim_on_della__calib_general,general,reasoning_long,B_reasoning_long,instr_only,general_far,reasoning,0.585858585859,0.560606060606,0.530303030303,-0.030303030303,0.0252525252525,0.0555555555556,0.030303030303,0.595896908402,0.59547012284,-0.000426785562576,0.499075785582,0.500924214418,0.00184842883549,0.789373262573,0.805281779126,0.0159085165529,0.560606060606,0.530303030303,-0.030303030303,0.534532524848,0.545371467512,0.0108389426643,0.00376526886248,,,0.0521029857518,,,0.00909717216726,,,0.0609103284231,,
della_best,aim_on_della__calib_general,general,reasoning_math,B_reasoning_math,reasoning_only,general_far,reasoning,0.820811220622,0.789373262573,0.805281779126,0.0159085165529,0.031437958049,0.0155294414961,-0.0159085165529,0.595896908402,0.59547012284,-0.000426785562576,0.499075785582,0.500924214418,0.00184842883549,0.789373262573,0.805281779126,0.0159085165529,0.560606060606,0.530303030303,-0.030303030303,0.534532524848,0.545371467512,0.0108389426643,0.0110204691559,,,0.0644398808476,,,0.00909717216726,,,0.0609103284231,,
della_best,aim_on_della__calib_general,general,uncensored,B_uncensored,uncensored_only,general_far,uncensored_refusal_like,0.24281690402,0.449747070168,0.460495290016,0.0107482198487,-0.206930166147,-0.217678385996,-0.0107482198487,0.595896908402,0.59547012284,-0.000426785562576,0.499075785582,0.500924214418,0.00184842883549,0.789373262573,0.805281779126,0.0159085165529,0.560606060606,0.530303030303,-0.030303030303,0.534532524848,0.545371467512,0.0108389426643,0.0507255596781,,,0.0998759907699,,,0.048655068864,,,0.096551514976,,
della_best,aim_on_della__calib_instruction,instruction,instruction,B_if,instr_only,matched,instruction,0.817005545287,0.499075785582,0.50831792976,0.00924214417745,0.317929759704,0.308687615527,-0.00924214417745,0.595896908402,0.585367988187,-0.0105289202152,0.499075785582,0.50831792976,0.00924214417745,0.789373262573,0.787856962345,-0.00151630022745,0.560606060606,0.505050505051,-0.0555555555556,0.534532524848,0.540246555593,0.0057140307447,0.00675111296975,,,0.0609567262953,,,0.0156482894284,,,0.0709294733485,,
della_best,aim_on_della__calib_instruction,instruction,reasoning_long,B_reasoning_long,instr_only,off_domain,reasoning,0.585858585859,0.560606060606,0.505050505051,-0.0555555555556,0.0252525252525,0.0808080808081,0.0555555555556,0.595896908402,0.585367988187,-0.0105289202152,0.499075785582,0.50831792976,0.00924214417745,0.789373262573,0.787856962345,-0.00151630022745,0.560606060606,0.505050505051,-0.0555555555556,0.534532524848,0.540246555593,0.0057140307447,0.00376526886248,,,0.0521029857518,,,0.00909717216726,,,0.0609103284231,,
della_best,aim_on_della__calib_instruction,instruction,reasoning_math,B_reasoning_math,reasoning_only,off_domain,reasoning,0.820811220622,0.789373262573,0.787856962345,-0.00151630022745,0.031437958049,0.0329542582765,0.00151630022745,0.595896908402,0.585367988187,-0.0105289202152,0.499075785582,0.50831792976,0.00924214417745,0.789373262573,0.787856962345,-0.00151630022745,0.560606060606,0.505050505051,-0.0555555555556,0.534532524848,0.540246555593,0.0057140307447,0.0110204691559,,,0.0644398808476,,,0.00909717216726,,,0.0609103284231,,
della_best,aim_on_della__calib_instruction,instruction,uncensored,B_uncensored,uncensored_only,off_domain,uncensored_refusal_like,0.24281690402,0.449747070168,0.452180592642,0.00243352247441,-0.206930166147,-0.209363688622,-0.00243352247441,0.595896908402,0.585367988187,-0.0105289202152,0.499075785582,0.50831792976,0.00924214417745,0.789373262573,0.787856962345,-0.00151630022745,0.560606060606,0.505050505051,-0.0555555555556,0.534532524848,0.540246555593,0.0057140307447,0.0507255596781,,,0.0998759907699,,,0.048655068864,,,0.096551514976,,
della_best,aim_on_della,mix,instruction,B_if,instr_only,mixed,instruction,0.817005545287,0.499075785582,0.504621072089,0.00554528650647,0.317929759704,0.312384473198,-0.00554528650647,0.595896908402,0.583871345441,-0.0120255629615,0.499075785582,0.504621072089,0.00554528650647,0.789373262573,0.773843821077,-0.0155294414961,0.560606060606,0.515151515152,-0.0454545454545,0.534532524848,0.541868973446,0.00733644859813,0.00675111296975,,,0.0609567262953,,,0.0156482894284,,,0.0709294733485,,
della_best,aim_on_della,mix,reasoning_long,B_reasoning_long,instr_only,mixed,reasoning,0.585858585859,0.560606060606,0.515151515152,-0.0454545454545,0.0252525252525,0.0707070707071,0.0454545454545,0.595896908402,0.583871345441,-0.0120255629615,0.499075785582,0.504621072089,0.00554528650647,0.789373262573,0.773843821077,-0.0155294414961,0.560606060606,0.515151515152,-0.0454545454545,0.534532524848,0.541868973446,0.00733644859813,0.00376526886248,,,0.0521029857518,,,0.00909717216726,,,0.0609103284231,,
della_best,aim_on_della,mix,reasoning_math,B_reasoning_math,reasoning_only,mixed,reasoning,0.820811220622,0.789373262573,0.773843821077,-0.0155294414961,0.031437958049,0.0469673995451,0.0155294414961,0.595896908402,0.583871345441,-0.0120255629615,0.499075785582,0.504621072089,0.00554528650647,0.789373262573,0.773843821077,-0.0155294414961,0.560606060606,0.515151515152,-0.0454545454545,0.534532524848,0.541868973446,0.00733644859813,0.0110204691559,,,0.0644398808476,,,0.00909717216726,,,0.0609103284231,,
della_best,aim_on_della,mix,uncensored,B_uncensored,uncensored_only,mixed,uncensored_refusal_like,0.24281690402,0.449747070168,0.45730677941,0.00755970924195,-0.206930166147,-0.214489875389,-0.00755970924195,0.595896908402,0.583871345441,-0.0120255629615,0.499075785582,0.504621072089,0.00554528650647,0.789373262573,0.773843821077,-0.0155294414961,0.560606060606,0.515151515152,-0.0454545454545,0.534532524848,0.541868973446,0.00733644859813,0.0507255596781,,,0.0998759907699,,,0.048655068864,,,0.096551514976,,
della_best,aim_on_della__calib_reasoning,reasoning,instruction,B_if,instr_only,off_domain,instruction,0.817005545287,0.499075785582,0.510166358595,0.0110905730129,0.317929759704,0.306839186691,-0.0110905730129,0.595896908402,0.589526892994,-0.00637001540837,0.499075785582,0.510166358595,0.0110905730129,0.789373262573,0.77346474602,-0.0159085165529,0.560606060606,0.525252525253,-0.0353535353535,0.534532524848,0.549223942108,0.0146914172601,0.00675111296975,,,0.0609567262953,,,0.0156482894284,,,0.0709294733485,,
della_best,aim_on_della__calib_reasoning,reasoning,reasoning_long,B_reasoning_long,instr_only,matched,reasoning,0.585858585859,0.560606060606,0.525252525253,-0.0353535353535,0.0252525252525,0.0606060606061,0.0353535353535,0.595896908402,0.589526892994,-0.00637001540837,0.499075785582,0.510166358595,0.0110905730129,0.789373262573,0.77346474602,-0.0159085165529,0.560606060606,0.525252525253,-0.0353535353535,0.534532524848,0.549223942108,0.0146914172601,0.00376526886248,,,0.0521029857518,,,0.00909717216726,,,0.0609103284231,,
della_best,aim_on_della__calib_reasoning,reasoning,reasoning_math,B_reasoning_math,reasoning_only,matched,reasoning,0.820811220622,0.789373262573,0.77346474602,-0.0159085165529,0.031437958049,0.047346474602,0.0159085165529,0.595896908402,0.589526892994,-0.00637001540837,0.499075785582,0.510166358595,0.0110905730129,0.789373262573,0.77346474602,-0.0159085165529,0.560606060606,0.525252525253,-0.0353535353535,0.534532524848,0.549223942108,0.0146914172601,0.0110204691559,,,0.0644398808476,,,0.00909717216726,,,0.0609103284231,,
della_best,aim_on_della__calib_reasoning,reasoning,uncensored,B_uncensored,uncensored_only,off_domain,uncensored_refusal_like,0.24281690402,0.449747070168,0.464150441329,0.0144033711615,-0.206930166147,-0.221333537309,-0.0144033711615,0.595896908402,0.589526892994,-0.00637001540837,0.499075785582,0.510166358595,0.0110905730129,0.789373262573,0.77346474602,-0.0159085165529,0.560606060606,0.525252525253,-0.0353535353535,0.534532524848,0.549223942108,0.0146914172601,0.0507255596781,,,0.0998759907699,,,0.048655068864,,,0.096551514976,,
della_best,aim_on_della__calib_uncensored_refusal_like,uncensored_refusal_like,instruction,B_if,instr_only,off_domain,instruction,0.817005545287,0.499075785582,0.510166358595,0.0110905730129,0.317929759704,0.306839186691,-0.0110905730129,0.595896908402,0.590873401091,-0.00502350731172,0.499075785582,0.510166358595,0.0110905730129,0.789373262573,0.806798079353,0.0174248167804,0.560606060606,0.505050505051,-0.0555555555556,0.534532524848,0.541478661363,0.00694613651535,0.00675111296975,,,0.0609567262953,,,0.0156482894284,,,0.0709294733485,,
della_best,aim_on_della__calib_uncensored_refusal_like,uncensored_refusal_like,reasoning_long,B_reasoning_long,instr_only,off_domain,reasoning,0.585858585859,0.560606060606,0.505050505051,-0.0555555555556,0.0252525252525,0.0808080808081,0.0555555555556,0.595896908402,0.590873401091,-0.00502350731172,0.499075785582,0.510166358595,0.0110905730129,0.789373262573,0.806798079353,0.0174248167804,0.560606060606,0.505050505051,-0.0555555555556,0.534532524848,0.541478661363,0.00694613651535,0.00376526886248,,,0.0521029857518,,,0.00909717216726,,,0.0609103284231,,
della_best,aim_on_della__calib_uncensored_refusal_like,uncensored_refusal_like,reasoning_math,B_reasoning_math,reasoning_only,off_domain,reasoning,0.820811220622,0.789373262573,0.806798079353,0.0174248167804,0.031437958049,0.0140131412686,-0.0174248167804,0.595896908402,0.590873401091,-0.00502350731172,0.499075785582,0.510166358595,0.0110905730129,0.789373262573,0.806798079353,0.0174248167804,0.560606060606,0.505050505051,-0.0555555555556,0.534532524848,0.541478661363,0.00694613651535,0.0110204691559,,,0.0644398808476,,,0.00909717216726,,,0.0609103284231,,
della_best,aim_on_della__calib_uncensored_refusal_like,uncensored_refusal_like,uncensored,B_uncensored,uncensored_only,matched,uncensored_refusal_like,0.24281690402,0.449747070168,0.452341918855,0.00259484868714,-0.206930166147,-0.209525014835,-0.00259484868714,0.595896908402,0.590873401091,-0.00502350731172,0.499075785582,0.510166358595,0.0110905730129,0.789373262573,0.806798079353,0.0174248167804,0.560606060606,0.505050505051,-0.0555555555556,0.534532524848,0.541478661363,0.00694613651535,0.0507255596781,,,0.0998759907699,,,0.048655068864,,,0.096551514976,,
task_arithmetic_best,aim_on_task_arithmetic__calib_general,general,instruction,B_if,instr_only,general_far,instruction,0.817005545287,0.493530499076,0.475046210721,-0.0184842883549,0.323475046211,0.341959334566,0.0184842883549,0.605164713292,0.573089373414,-0.032075339878,0.493530499076,0.475046210721,-0.0184842883549,0.868536770281,0.753752843063,-0.114783927218,0.525252525253,0.520202020202,-0.00505050505051,0.53333905856,0.543356419671,0.0100173611111,0.00584485701014,,,0.0580932311928,,,0.0143833671787,,,0.0689403995574,,
task_arithmetic_best,aim_on_task_arithmetic__calib_general,general,reasoning_long,B_reasoning_long,instr_only,general_far,reasoning,0.585858585859,0.525252525253,0.520202020202,-0.00505050505051,0.0606060606061,0.0656565656566,0.00505050505051,0.605164713292,0.573089373414,-0.032075339878,0.493530499076,0.475046210721,-0.0184842883549,0.868536770281,0.753752843063,-0.114783927218,0.525252525253,0.520202020202,-0.00505050505051,0.53333905856,0.543356419671,0.0100173611111,0.00311264962915,,,0.0500286259315,,,0.00827271149804,,,0.0593162812964,,
task_arithmetic_best,aim_on_task_arithmetic__calib_general,general,reasoning_math,B_reasoning_math,reasoning_only,general_far,reasoning,0.820811220622,0.868536770281,0.753752843063,-0.114783927218,-0.0477255496588,0.0670583775588,0.114783927218,0.605164713292,0.573089373414,-0.032075339878,0.493530499076,0.475046210721,-0.0184842883549,0.868536770281,0.753752843063,-0.114783927218,0.525252525253,0.520202020202,-0.00505050505051,0.53333905856,0.543356419671,0.0100173611111,0.00997201327441,,,0.0633139422025,,,0.00827271149804,,,0.0593162812964,,
task_arithmetic_best,aim_on_task_arithmetic__calib_general,general,uncensored,B_uncensored,uncensored_only,general_far,uncensored_refusal_like,0.24281690402,0.452600226228,0.457808559561,0.00520833333333,-0.209783322207,-0.214991655541,-0.00520833333333,0.605164713292,0.573089373414,-0.032075339878,0.493530499076,0.475046210721,-0.0184842883549,0.868536770281,0.753752843063,-0.114783927218,0.525252525253,0.520202020202,-0.00505050505051,0.53333905856,0.543356419671,0.0100173611111,0.0533201395689,,,0.100556286159,,,0.0445523748123,,,0.0922530493287,,
task_arithmetic_best,aim_on_task_arithmetic__calib_instruction,instruction,instruction,B_if,instr_only,matched,instruction,0.817005545287,0.493530499076,0.476894639556,-0.0166358595194,0.323475046211,0.34011090573,0.0166358595194,0.605164713292,0.583674518803,-0.021490194489,0.493530499076,0.476894639556,-0.0166358595194,0.868536770281,0.802615617892,-0.0659211523882,0.525252525253,0.505050505051,-0.020202020202,0.53333905856,0.550137312713,0.0167982541537,0.00584485701014,,,0.0580932311928,,,0.0143833671787,,,0.0689403995574,,
task_arithmetic_best,aim_on_task_arithmetic__calib_instruction,instruction,reasoning_long,B_reasoning_long,instr_only,off_domain,reasoning,0.585858585859,0.525252525253,0.505050505051,-0.020202020202,0.0606060606061,0.0808080808081,0.020202020202,0.605164713292,0.583674518803,-0.021490194489,0.493530499076,0.476894639556,-0.0166358595194,0.868536770281,0.802615617892,-0.0659211523882,0.525252525253,0.505050505051,-0.020202020202,0.53333905856,0.550137312713,0.0167982541537,0.00311264962915,,,0.0500286259315,,,0.00827271149804,,,0.0593162812964,,
task_arithmetic_best,aim_on_task_arithmetic__calib_instruction,instruction,reasoning_math,B_reasoning_math,reasoning_only,off_domain,reasoning,0.820811220622,0.868536770281,0.802615617892,-0.0659211523882,-0.0477255496588,0.0181956027293,0.0659211523882,0.605164713292,0.583674518803,-0.021490194489,0.493530499076,0.476894639556,-0.0166358595194,0.868536770281,0.802615617892,-0.0659211523882,0.525252525253,0.505050505051,-0.020202020202,0.53333905856,0.550137312713,0.0167982541537,0.00997201327441,,,0.0633139422025,,,0.00827271149804,,,0.0593162812964,,
task_arithmetic_best,aim_on_task_arithmetic__calib_instruction,instruction,uncensored,B_uncensored,uncensored_only,off_domain,uncensored_refusal_like,0.24281690402,0.452600226228,0.465368268803,0.0127680425753,-0.209783322207,-0.222551364783,-0.0127680425753,0.605164713292,0.583674518803,-0.021490194489,0.493530499076,0.476894639556,-0.0166358595194,0.868536770281,0.802615617892,-0.0659211523882,0.525252525253,0.505050505051,-0.020202020202,0.53333905856,0.550137312713,0.0167982541537,0.0533201395689,,,0.100556286159,,,0.0445523748123,,,0.0922530493287,,
task_arithmetic_best,aim_on_task_arithmetic,mix,instruction,B_if,instr_only,mixed,instruction,0.817005545287,0.493530499076,0.500924214418,0.00739371534196,0.323475046211,0.316081330869,-0.00739371534196,0.605164713292,0.585921279807,-0.0192434334851,0.493530499076,0.500924214418,0.00739371534196,0.868536770281,0.750341167551,-0.118195602729,0.525252525253,0.540404040404,0.0151515151515,0.53333905856,0.552015696855,0.0186766382955,0.00584485701014,,,0.0580932311928,,,0.0143833671787,,,0.0689403995574,,
task_arithmetic_best,aim_on_task_arithmetic,mix,reasoning_long,B_reasoning_long,instr_only,mixed,reasoning,0.585858585859,0.525252525253,0.540404040404,0.0151515151515,0.0606060606061,0.0454545454545,-0.0151515151515,0.605164713292,0.585921279807,-0.0192434334851,0.493530499076,0.500924214418,0.00739371534196,0.868536770281,0.750341167551,-0.118195602729,0.525252525253,0.540404040404,0.0151515151515,0.53333905856,0.552015696855,0.0186766382955,0.00311264962915,,,0.0500286259315,,,0.00827271149804,,,0.0593162812964,,
task_arithmetic_best,aim_on_task_arithmetic,mix,reasoning_math,B_reasoning_math,reasoning_only,mixed,reasoning,0.820811220622,0.868536770281,0.750341167551,-0.118195602729,-0.0477255496588,0.0704700530705,0.118195602729,0.605164713292,0.585921279807,-0.0192434334851,0.493530499076,0.500924214418,0.00739371534196,0.868536770281,0.750341167551,-0.118195602729,0.525252525253,0.540404040404,0.0151515151515,0.53333905856,0.552015696855,0.0186766382955,0.00997201327441,,,0.0633139422025,,,0.00827271149804,,,0.0593162812964,,
task_arithmetic_best,aim_on_task_arithmetic,mix,uncensored,B_uncensored,uncensored_only,mixed,uncensored_refusal_like,0.24281690402,0.452600226228,0.46639129951,0.0137910732829,-0.209783322207,-0.22357439549,-0.0137910732829,0.605164713292,0.585921279807,-0.0192434334851,0.493530499076,0.500924214418,0.00739371534196,0.868536770281,0.750341167551,-0.118195602729,0.525252525253,0.540404040404,0.0151515151515,0.53333905856,0.552015696855,0.0186766382955,0.0533201395689,,,0.100556286159,,,0.0445523748123,,,0.0922530493287,,
task_arithmetic_best,aim_on_task_arithmetic__calib_reasoning,reasoning,instruction,B_if,instr_only,off_domain,instruction,0.817005545287,0.493530499076,0.487985212569,-0.00554528650647,0.323475046211,0.329020332717,0.00554528650647,0.605164713292,0.575232016204,-0.0299326970879,0.493530499076,0.487985212569,-0.00554528650647,0.868536770281,0.768524134445,-0.100012635835,0.525252525253,0.494949494949,-0.030303030303,0.53333905856,0.549469222853,0.0161301642931,0.00584485701014,,,0.0580932311928,,,0.0143833671787,,,0.0689403995574,,
task_arithmetic_best,aim_on_task_arithmetic__calib_reasoning,reasoning,reasoning_long,B_reasoning_long,instr_only,matched,reasoning,0.585858585859,0.525252525253,0.494949494949,-0.030303030303,0.0606060606061,0.0909090909091,0.030303030303,0.605164713292,0.575232016204,-0.0299326970879,0.493530499076,0.487985212569,-0.00554528650647,0.868536770281,0.768524134445,-0.100012635835,0.525252525253,0.494949494949,-0.030303030303,0.53333905856,0.549469222853,0.0161301642931,0.00311264962915,,,0.0500286259315,,,0.00827271149804,,,0.0593162812964,,
task_arithmetic_best,aim_on_task_arithmetic__calib_reasoning,reasoning,reasoning_math,B_reasoning_math,reasoning_only,matched,reasoning,0.820811220622,0.868536770281,0.768524134445,-0.100012635835,-0.0477255496588,0.0522870861764,0.100012635835,0.605164713292,0.575232016204,-0.0299326970879,0.493530499076,0.487985212569,-0.00554528650647,0.868536770281,0.768524134445,-0.100012635835,0.525252525253,0.494949494949,-0.030303030303,0.53333905856,0.549469222853,0.0161301642931,0.00997201327441,,,0.0633139422025,,,0.00827271149804,,,0.0593162812964,,
task_arithmetic_best,aim_on_task_arithmetic__calib_reasoning,reasoning,uncensored,B_uncensored,uncensored_only,off_domain,uncensored_refusal_like,0.24281690402,0.452600226228,0.465958963804,0.013358737576,-0.209783322207,-0.223142059783,-0.013358737576,0.605164713292,0.575232016204,-0.0299326970879,0.493530499076,0.487985212569,-0.00554528650647,0.868536770281,0.768524134445,-0.100012635835,0.525252525253,0.494949494949,-0.030303030303,0.53333905856,0.549469222853,0.0161301642931,0.0533201395689,,,0.100556286159,,,0.0445523748123,,,0.0922530493287,,
task_arithmetic_best,aim_on_task_arithmetic__calib_uncensored_refusal_like,uncensored_refusal_like,instruction,B_if,instr_only,off_domain,instruction,0.817005545287,0.493530499076,0.480591497227,-0.0129390018484,0.323475046211,0.336414048059,0.0129390018484,0.605164713292,0.582107238425,-0.0230574748675,0.493530499076,0.480591497227,-0.0129390018484,0.868536770281,0.756785443518,-0.111751326763,0.525252525253,0.535353535354,0.010101010101,0.53333905856,0.5556984776,0.0223594190402,0.00584485701014,,,0.0580932311928,,,0.0143833671787,,,0.0689403995574,,
task_arithmetic_best,aim_on_task_arithmetic__calib_uncensored_refusal_like,uncensored_refusal_like,reasoning_long,B_reasoning_long,instr_only,off_domain,reasoning,0.585858585859,0.525252525253,0.535353535354,0.010101010101,0.0606060606061,0.0505050505051,-0.010101010101,0.605164713292,0.582107238425,-0.0230574748675,0.493530499076,0.480591497227,-0.0129390018484,0.868536770281,0.756785443518,-0.111751326763,0.525252525253,0.535353535354,0.010101010101,0.53333905856,0.5556984776,0.0223594190402,0.00311264962915,,,0.0500286259315,,,0.00827271149804,,,0.0593162812964,,
task_arithmetic_best,aim_on_task_arithmetic__calib_uncensored_refusal_like,uncensored_refusal_like,reasoning_math,B_reasoning_math,reasoning_only,off_domain,reasoning,0.820811220622,0.868536770281,0.756785443518,-0.111751326763,-0.0477255496588,0.0640257771039,0.111751326763,0.605164713292,0.582107238425,-0.0230574748675,0.493530499076,0.480591497227,-0.0129390018484,0.868536770281,0.756785443518,-0.111751326763,0.525252525253,0.535353535354,0.010101010101,0.53333905856,0.5556984776,0.0223594190402,0.00997201327441,,,0.0633139422025,,,0.00827271149804,,,0.0593162812964,,
task_arithmetic_best,aim_on_task_arithmetic__calib_uncensored_refusal_like,uncensored_refusal_like,uncensored,B_uncensored,uncensored_only,matched,uncensored_refusal_like,0.24281690402,0.452600226228,0.470560933096,0.0179607068684,-0.209783322207,-0.227744029076,-0.0179607068684,0.605164713292,0.582107238425,-0.0230574748675,0.493530499076,0.480591497227,-0.0129390018484,0.868536770281,0.756785443518,-0.111751326763,0.525252525253,0.535353535354,0.010101010101,0.53333905856,0.5556984776,0.0223594190402,0.0533201395689,,,0.100556286159,,,0.0445523748123,,,0.0922530493287,,
ties_best,aim_on_ties__calib_general,general,instruction,B_if,instr_only,general_far,instruction,0.817005545287,0.486136783734,0.486136783734,0,0.330868761553,0.330868761553,0,0.580426520314,0.583586894641,0.00316037432741,0.486136783734,0.486136783734,0,0.789373262573,0.799216578216,0.00984331564316,0.510101010101,0.494949494949,-0.0151515151515,0.536095024848,0.554044721666,0.017949696818,0.00691576009073,0.00675871062493,-0.000157049465795,0.0602442599067,0.0598067747742,-0.000437485132554,0.0110519386298,0.00897425884614,-0.00207767978362,0.0653784745664,0.062712815893,-0.00266565867342
ties_best,aim_on_ties__calib_general,general,reasoning_long,B_reasoning_long,instr_only,general_far,reasoning,0.585858585859,0.510101010101,0.494949494949,-0.0151515151515,0.0757575757576,0.0909090909091,0.0151515151515,0.580426520314,0.583586894641,0.00316037432741,0.486136783734,0.486136783734,0,0.789373262573,0.799216578216,0.00984331564316,0.510101010101,0.494949494949,-0.0151515151515,0.536095024848,0.554044721666,0.017949696818,0.00371591247515,0.00363708807466,-7.88244004879e-05,0.0508399166251,0.0499819839651,-0.000857932660033,0.00600633067532,0.00470518491541,-0.0013011457599,0.0566377095218,0.0548001199919,-0.00183758952982
ties_best,aim_on_ties__calib_general,general,reasoning_math,B_reasoning_math,reasoning_only,general_far,reasoning,0.820811220622,0.789373262573,0.799216578216,0.00984331564316,0.031437958049,0.0215946424059,-0.00984331564316,0.580426520314,0.583586894641,0.00316037432741,0.486136783734,0.486136783734,0,0.789373262573,0.799216578216,0.00984331564316,0.510101010101,0.494949494949,-0.0151515151515,0.536095024848,0.554044721666,0.017949696818,0.0112639252459,0.011467366751,0.000203441505113,0.0645992807282,0.0649907856083,0.000391504880099,0.00600633067532,0.00470518491541,-0.0013011457599,0.0566377095218,0.0548001199919,-0.00183758952982
ties_best,aim_on_ties__calib_general,general,uncensored,B_uncensored,uncensored_only,general_far,uncensored_refusal_like,0.24281690402,0.458497070168,0.473541110369,0.0150440402018,-0.215680166147,-0.230724206349,-0.0150440402018,0.580426520314,0.583586894641,0.00316037432741,0.486136783734,0.486136783734,0,0.789373262573,0.799216578216,0.00984331564316,0.510101010101,0.494949494949,-0.0151515151515,0.536095024848,0.554044721666,0.017949696818,0.0547038595606,0.0598547363188,0.00515087675821,0.101109557852,0.104214107215,0.00310454936294,0.0366074621108,0.0312130997708,-0.00539436234006,0.0859959526505,0.0819332669012,-0.00406268574928
ties_best,aim_on_ties__calib_instruction,instruction,instruction,B_if,instr_only,matched,instruction,0.817005545287,0.486136783734,0.480591497227,-0.00554528650647,0.330868761553,0.336414048059,0.00554528650647,0.580426520314,0.574123552828,-0.00630296748549,0.486136783734,0.480591497227,-0.00554528650647,0.789373262573,0.781791761435,-0.00758150113723,0.510101010101,0.479797979798,-0.030303030303,0.536095024848,0.554312972853,0.0182179480047,0.00691576009073,0.0068198158244,-9.59442663265e-05,0.0602442599067,0.0597694879818,-0.000474771924928,0.0110519386298,0.0088373171489,-0.00221462148086,0.0653784745664,0.0628285934181,-0.0025498811483
ties_best,aim_on_ties__calib_instruction,instruction,reasoning_long,B_reasoning_long,instr_only,off_domain,reasoning,0.585858585859,0.510101010101,0.479797979798,-0.030303030303,0.0757575757576,0.106060606061,0.030303030303,0.580426520314,0.574123552828,-0.00630296748549,0.486136783734,0.480591497227,-0.00554528650647,0.789373262573,0.781791761435,-0.00758150113723,0.510101010101,0.479797979798,-0.030303030303,0.536095024848,0.554312972853,0.0182179480047,0.00371591247515,0.00364201910755,-7.38933675974e-05,0.0508399166251,0.050415616934,-0.000424299691076,0.00600633067532,0.00464625849984,-0.00136007217548,0.0566377095218,0.0543284399775,-0.00230926954424
ties_best,aim_on_ties__calib_instruction,instruction,reasoning_math,B_reasoning_math,reasoning_only,off_domain,reasoning,0.820811220622,0.789373262573,0.781791761435,-0.00758150113723,0.031437958049,0.0390194591863,0.00758150113723,0.580426520314,0.574123552828,-0.00630296748549,0.486136783734,0.480591497227,-0.00554528650647,0.789373262573,0.781791761435,-0.00758150113723,0.510101010101,0.479797979798,-0.030303030303,0.536095024848,0.554312972853,0.0182179480047,0.0112639252459,0.0115110983994,0.000247173153588,0.0645992807282,0.0650950355258,0.000495754797561,0.00600633067532,0.00464625849984,-0.00136007217548,0.0566377095218,0.0543284399775,-0.00230926954424
ties_best,aim_on_ties__calib_instruction,instruction,uncensored,B_uncensored,uncensored_only,off_domain,uncensored_refusal_like,0.24281690402,0.458497070168,0.470195074915,0.0116980047471,-0.215680166147,-0.227378170895,-0.0116980047471,0.580426520314,0.574123552828,-0.00630296748549,0.486136783734,0.480591497227,-0.00554528650647,0.789373262573,0.781791761435,-0.00758150113723,0.510101010101,0.479797979798,-0.030303030303,0.536095024848,0.554312972853,0.0182179480047,0.0547038595606,0.0601598469592,0.00545598739862,0.101109557852,0.10469851497,0.00358895711785,0.0366074621108,0.0307905452015,-0.00581691690928,0.0859959526505,0.081549180425,-0.00444677222549
ties_best,aim_on_ties,mix,instruction,B_if,instr_only,mixed,instruction,0.817005545287,0.486136783734,0.486136783734,0,0.330868761553,0.330868761553,0,0.580426520314,0.587759508394,0.00733298808038,0.486136783734,0.486136783734,0,0.789373262573,0.778759160981,-0.0106141015921,0.510101010101,0.530303030303,0.020202020202,0.536095024848,0.55583905856,0.0197440337116,0.00691576009073,0.0067965499119,-0.000119210178834,0.0602442599067,0.0597944095474,-0.000449850359372,0.0110519386298,0.00890501681068,-0.00214692181908,0.0653784745664,0.0630372762296,-0.00234119833678
ties_best,aim_on_ties,mix,reasoning_long,B_reasoning_long,instr_only,mixed,reasoning,0.585858585859,0.510101010101,0.530303030303,0.020202020202,0.0757575757576,0.0555555555556,-0.020202020202,0.580426520314,0.587759508394,0.00733298808038,0.486136783734,0.486136783734,0,0.789373262573,0.778759160981,-0.0106141015921,0.510101010101,0.530303030303,0.020202020202,0.536095024848,0.55583905856,0.0197440337116,0.00371591247515,0.00364510705953,-7.08054156146e-05,0.0508399166251,0.0500464044008,-0.000793512224239,0.00600633067532,0.00466943906051,-0.00133689161481,0.0566377095218,0.0544551576402,-0.00218255188156
ties_best,aim_on_ties,mix,reasoning_math,B_reasoning_math,reasoning_only,mixed,reasoning,0.820811220622,0.789373262573,0.778759160981,-0.0106141015921,0.031437958049,0.0420520596411,0.0106141015921,0.580426520314,0.587759508394,0.00733298808038,0.486136783734,0.486136783734,0,0.789373262573,0.778759160981,-0.0106141015921,0.510101010101,0.530303030303,0.020202020202,0.536095024848,0.55583905856,0.0197440337116,0.0112639252459,0.0114876138072,0.000223688561366,0.0645992807282,0.0650026943169,0.000403413588679,0.00600633067532,0.00466943906051,-0.00133689161481,0.0566377095218,0.0544551576402,-0.00218255188156
ties_best,aim_on_ties,mix,uncensored,B_uncensored,uncensored_only,mixed,uncensored_refusal_like,0.24281690402,0.458497070168,0.480378004005,0.0218809338377,-0.215680166147,-0.237561099985,-0.0218809338377,0.580426520314,0.587759508394,0.00733298808038,0.486136783734,0.486136783734,0,0.789373262573,0.778759160981,-0.0106141015921,0.510101010101,0.530303030303,0.020202020202,0.536095024848,0.55583905856,0.0197440337116,0.0547038595606,0.0600611711076,0.00535731154701,0.101109557852,0.104434948735,0.00332539088251,0.0366074621108,0.0309905251229,-0.00561693698789,0.0859959526505,0.0816628493833,-0.00433310326722
ties_best,aim_on_ties__calib_reasoning,reasoning,instruction,B_if,instr_only,off_domain,instruction,0.817005545287,0.486136783734,0.495378927911,0.00924214417745,0.330868761553,0.321626617375,-0.00924214417745,0.580426520314,0.585252288844,0.00482576852988,0.486136783734,0.495378927911,0.00924214417745,0.789373262573,0.745804902704,-0.0435683598686,0.510101010101,0.550505050505,0.040404040404,0.536095024848,0.549320274255,0.0132252494066,0.00691576009073,0.00681968401639,-9.60760743409e-05,0.0602442599067,0.060102137448,-0.000142122458783,0.0110519386298,0.00886720225551,-0.00218473637425,0.0653784745664,0.0628001963693,-0.00257827819708
ties_best,aim_on_ties__calib_reasoning,reasoning,reasoning_long,B_reasoning_long,instr_only,matched,reasoning,0.585858585859,0.510101010101,0.550505050505,0.040404040404,0.0757575757576,0.0353535353535,-0.040404040404,0.580426520314,0.585252288844,0.00482576852988,0.486136783734,0.495378927911,0.00924214417745,0.789373262573,0.745804902704,-0.0435683598686,0.510101010101,0.550505050505,0.040404040404,0.536095024848,0.549320274255,0.0132252494066,0.00371591247515,0.00366983667482,-4.60758003303e-05,0.0508399166251,0.0503095654583,-0.000530351166769,0.00600633067532,0.00461295598264,-0.00139337469267,0.0566377095218,0.0543630728316,-0.00227463669014
ties_best,aim_on_ties__calib_reasoning,reasoning,reasoning_math,B_reasoning_math,reasoning_only,matched,reasoning,0.820811220622,0.789373262573,0.745804902704,-0.0435683598686,0.031437958049,0.0750063179176,0.0435683598686,0.580426520314,0.585252288844,0.00482576852988,0.486136783734,0.495378927911,0.00924214417745,0.789373262573,0.745804902704,-0.0435683598686,0.510101010101,0.550505050505,0.040404040404,0.536095024848,0.549320274255,0.0132252494066,0.0112639252459,0.0115179124211,0.000253987175206,0.0645992807282,0.0650365759777,0.000437295249463,0.00600633067532,0.00461295598264,-0.00139337469267,0.0566377095218,0.0543630728316,-0.00227463669014
ties_best,aim_on_ties__calib_reasoning,reasoning,uncensored,B_uncensored,uncensored_only,off_domain,uncensored_refusal_like,0.24281690402,0.458497070168,0.467982587895,0.00948551772734,-0.215680166147,-0.225165683875,-0.00948551772734,0.580426520314,0.585252288844,0.00482576852988,0.486136783734,0.495378927911,0.00924214417745,0.789373262573,0.745804902704,-0.0435683598686,0.510101010101,0.550505050505,0.040404040404,0.536095024848,0.549320274255,0.0132252494066,0.0547038595606,0.0600142932963,0.00531043373566,0.101109557852,0.104707891713,0.00359833386109,0.0366074621108,0.0309701996674,-0.00563726244339,0.0859959526505,0.0816515987891,-0.0043443538614
ties_best,aim_on_ties__calib_uncensored_refusal_like,uncensored_refusal_like,instruction,B_if,instr_only,off_domain,instruction,0.817005545287,0.486136783734,0.487985212569,0.00184842883549,0.330868761553,0.329020332717,-0.00184842883549,0.580426520314,0.584436969011,0.0040104486969,0.486136783734,0.487985212569,0.00184842883549,0.789373262573,0.782170836492,-0.00720242608036,0.510101010101,0.520202020202,0.010101010101,0.536095024848,0.547389806779,0.0112947819315,0.00691576009073,0.00671407810943,-0.000201681981303,0.0602442599067,0.0598040370128,-0.000440222893909,0.0110519386298,0.00903018970793,-0.00202174892183,0.0653784745664,0.0631641168111,-0.00221435775529
ties_best,aim_on_ties__calib_uncensored_refusal_like,uncensored_refusal_like,reasoning_long,B_reasoning_long,instr_only,off_domain,reasoning,0.585858585859,0.510101010101,0.520202020202,0.010101010101,0.0757575757576,0.0656565656566,-0.010101010101,0.580426520314,0.584436969011,0.0040104486969,0.486136783734,0.487985212569,0.00184842883549,0.789373262573,0.782170836492,-0.00720242608036,0.510101010101,0.520202020202,0.010101010101,0.536095024848,0.547389806779,0.0112947819315,0.00371591247515,0.00359354404888,-0.000122368426269,0.0508399166251,0.0497521144179,-0.00108780220722,0.00600633067532,0.00475616091151,-0.00125016976381,0.0566377095218,0.054542872279,-0.00209483724272
ties_best,aim_on_ties__calib_uncensored_refusal_like,uncensored_refusal_like,reasoning_math,B_reasoning_math,reasoning_only,off_domain,reasoning,0.820811220622,0.789373262573,0.782170836492,-0.00720242608036,0.031437958049,0.0386403841294,0.00720242608036,0.580426520314,0.584436969011,0.0040104486969,0.486136783734,0.487985212569,0.00184842883549,0.789373262573,0.782170836492,-0.00720242608036,0.510101010101,0.520202020202,0.010101010101,0.536095024848,0.547389806779,0.0112947819315,0.0112639252459,0.0114414954894,0.000177570243573,0.0645992807282,0.0648911581456,0.000291877417314,0.00600633067532,0.00475616091151,-0.00125016976381,0.0566377095218,0.054542872279,-0.00209483724272
ties_best,aim_on_ties__calib_uncensored_refusal_like,uncensored_refusal_like,uncensored,B_uncensored,uncensored_only,matched,uncensored_refusal_like,0.24281690402,0.458497070168,0.466890112743,0.00839304257529,-0.215680166147,-0.224073208723,-0.00839304257529,0.580426520314,0.584436969011,0.0040104486969,0.486136783734,0.487985212569,0.00184842883549,0.789373262573,0.782170836492,-0.00720242608036,0.510101010101,0.520202020202,0.010101010101,0.536095024848,0.547389806779,0.0112947819315,0.0547038595606,0.059947411866,0.00524355230543,0.101109557852,0.10455609417,0.00344653631732,0.0366074621108,0.0310908346308,-0.00551662748007,0.0859959526505,0.0819506576582,-0.00404529499226
