model_id,model_kind,calib_subset,target_id,layer,metric,value,n_prompts
della_best,candidate,general,base,0,mmd_rbf,0.0066762687638401985,128
della_best,candidate,general,base,0,projected_js,0.04584360649459995,128
della_best,candidate,general,base,1,mmd_rbf,0.02261306904256344,128
della_best,candidate,general,base,1,projected_js,0.06531667176750489,128
della_best,candidate,general,base,2,mmd_rbf,0.021481847390532494,128
della_best,candidate,general,base,2,projected_js,0.06581797334365547,128
della_best,candidate,general,base,3,mmd_rbf,0.021408764645457268,128
della_best,candidate,general,base,3,projected_js,0.06678415508940816,128
della_best,candidate,general,base,4,mmd_rbf,0.01789696328341961,128
della_best,candidate,general,base,4,projected_js,0.06322364223888144,128
della_best,candidate,general,base,5,mmd_rbf,0.014652556739747524,128
della_best,candidate,general,base,5,projected_js,0.06366849748883396,128
della_best,candidate,general,base,6,mmd_rbf,0.010286747477948666,128
della_best,candidate,general,base,6,projected_js,0.05972413640120067,128
della_best,candidate,general,base,7,mmd_rbf,0.009387167170643806,128
della_best,candidate,general,base,7,projected_js,0.061053149576764554,128
della_best,candidate,general,base,8,mmd_rbf,0.007521894760429859,128
della_best,candidate,general,base,8,projected_js,0.05601115696481429,128
della_best,candidate,general,base,9,mmd_rbf,0.007259174715727568,128
della_best,candidate,general,base,9,projected_js,0.05804177396930754,128
della_best,candidate,general,base,10,mmd_rbf,0.007339184172451496,128
della_best,candidate,general,base,10,projected_js,0.06151827942812815,128
della_best,candidate,general,base,11,mmd_rbf,0.007131587248295546,128
della_best,candidate,general,base,11,projected_js,0.061353240540483966,128
della_best,candidate,general,base,12,mmd_rbf,0.007319751661270857,128
della_best,candidate,general,base,12,projected_js,0.05856434942688793,128
della_best,candidate,general,base,13,mmd_rbf,0.0076738521456718445,128
della_best,candidate,general,base,13,projected_js,0.06097009754739702,128
della_best,candidate,general,base,14,mmd_rbf,0.007901462726294994,128
della_best,candidate,general,base,14,projected_js,0.060741615685401484,128
della_best,candidate,general,base,15,mmd_rbf,0.008672674186527729,128
della_best,candidate,general,base,15,projected_js,0.062202016240917146,128
della_best,candidate,general,base,16,mmd_rbf,0.01009358000010252,128
della_best,candidate,general,base,16,projected_js,0.061766890110448,128
della_best,candidate,general,base,17,mmd_rbf,0.00976563896983862,128
della_best,candidate,general,base,17,projected_js,0.06150416698073968,128
della_best,candidate,general,base,18,mmd_rbf,0.010642968118190765,128
della_best,candidate,general,base,18,projected_js,0.06373165169497952,128
della_best,candidate,general,base,19,mmd_rbf,0.011147580109536648,128
della_best,candidate,general,base,19,projected_js,0.06683197439997457,128
della_best,candidate,general,base,20,mmd_rbf,0.010959628038108349,128
della_best,candidate,general,base,20,projected_js,0.06533826503437012,128
della_best,candidate,general,base,21,mmd_rbf,0.011468659155070782,128
della_best,candidate,general,base,21,projected_js,0.0644238184322603,128
della_best,candidate,general,base,22,mmd_rbf,0.010694758966565132,128
della_best,candidate,general,base,22,projected_js,0.06613711404497735,128
della_best,candidate,general,base,23,mmd_rbf,0.00987804401665926,128
della_best,candidate,general,base,23,projected_js,0.06501356171793304,128
della_best,candidate,general,base,24,mmd_rbf,0.008940009400248528,128
della_best,candidate,general,base,24,projected_js,0.05946570623200387,128
della_best,candidate,general,base,25,mmd_rbf,0.008346252143383026,128
della_best,candidate,general,base,25,projected_js,0.059676138567738235,128
della_best,candidate,general,base,26,mmd_rbf,0.008215300738811493,128
della_best,candidate,general,base,26,projected_js,0.05749013650347479,128
della_best,candidate,general,base,27,mmd_rbf,0.008054785430431366,128
della_best,candidate,general,base,27,projected_js,0.0642110479529947,128
della_best,candidate,general,base,28,mmd_rbf,0.007569809444248676,128
della_best,candidate,general,base,28,projected_js,0.06284164014505222,128
della_best,candidate,general,base,29,mmd_rbf,0.007275927346199751,128
della_best,candidate,general,base,29,projected_js,0.059274130035191774,128
della_best,candidate,general,base,30,mmd_rbf,0.007038910873234272,128
della_best,candidate,general,base,30,projected_js,0.05918081261916086,128
della_best,candidate,general,base,31,mmd_rbf,0.006668590009212494,128
della_best,candidate,general,base,31,projected_js,0.059409773035440594,128
della_best,candidate,general,base,32,mmd_rbf,0.007143720984458923,128
della_best,candidate,general,base,32,projected_js,0.056962543487316,128
della_best,candidate,general,base,33,mmd_rbf,0.00763792684301734,128
della_best,candidate,general,base,33,projected_js,0.0620195968367625,128
della_best,candidate,general,base,34,mmd_rbf,0.013836316764354706,128
della_best,candidate,general,base,34,projected_js,0.06658181850798428,128
della_best,candidate,general,base,35,mmd_rbf,0.0778949186205864,128
della_best,candidate,general,base,35,projected_js,0.11774668178986758,128
della_best,candidate,general,instr_only,0,mmd_rbf,0.0031052350532263517,128
della_best,candidate,general,instr_only,0,projected_js,0.03213181480532512,128
della_best,candidate,general,instr_only,1,mmd_rbf,0.016250602900981903,128
della_best,candidate,general,instr_only,1,projected_js,0.05538723518839106,128
della_best,candidate,general,instr_only,2,mmd_rbf,0.016952428966760635,128
della_best,candidate,general,instr_only,2,projected_js,0.056858363444916904,128
della_best,candidate,general,instr_only,3,mmd_rbf,0.016203640028834343,128
della_best,candidate,general,instr_only,3,projected_js,0.0567655690247193,128
della_best,candidate,general,instr_only,4,mmd_rbf,0.01347929984331131,128
della_best,candidate,general,instr_only,4,projected_js,0.05483502984861843,128
della_best,candidate,general,instr_only,5,mmd_rbf,0.010386898182332516,128
della_best,candidate,general,instr_only,5,projected_js,0.05426886017085053,128
della_best,candidate,general,instr_only,6,mmd_rbf,0.006278359331190586,128
della_best,candidate,general,instr_only,6,projected_js,0.04922569132759236,128
della_best,candidate,general,instr_only,7,mmd_rbf,0.005266010761260986,128
della_best,candidate,general,instr_only,7,projected_js,0.050435853365343064,128
della_best,candidate,general,instr_only,8,mmd_rbf,0.0037794895470142365,128
della_best,candidate,general,instr_only,8,projected_js,0.05173853223095648,128
della_best,candidate,general,instr_only,9,mmd_rbf,0.003442426910623908,128
della_best,candidate,general,instr_only,9,projected_js,0.04880153143312782,128
della_best,candidate,general,instr_only,10,mmd_rbf,0.003482939675450325,128
della_best,candidate,general,instr_only,10,projected_js,0.052581921219825745,128
della_best,candidate,general,instr_only,11,mmd_rbf,0.003430491778999567,128
della_best,candidate,general,instr_only,11,projected_js,0.05057066565495916,128
della_best,candidate,general,instr_only,12,mmd_rbf,0.0037091446574777365,128
della_best,candidate,general,instr_only,12,projected_js,0.053079349774634466,128
della_best,candidate,general,instr_only,13,mmd_rbf,0.004098428413271904,128
della_best,candidate,general,instr_only,13,projected_js,0.056440434127580374,128
della_best,candidate,general,instr_only,14,mmd_rbf,0.004217110108584166,128
della_best,candidate,general,instr_only,14,projected_js,0.05446359806228429,128
della_best,candidate,general,instr_only,15,mmd_rbf,0.004613873083144426,128
della_best,candidate,general,instr_only,15,projected_js,0.05392590042902157,128
della_best,candidate,general,instr_only,16,mmd_rbf,0.004733701702207327,128
della_best,candidate,general,instr_only,16,projected_js,0.056945247371913865,128
della_best,candidate,general,instr_only,17,mmd_rbf,0.004937784280627966,128
della_best,candidate,general,instr_only,17,projected_js,0.05847652826923877,128
della_best,candidate,general,instr_only,18,mmd_rbf,0.005089780781418085,128
della_best,candidate,general,instr_only,18,projected_js,0.05898857407737523,128
della_best,candidate,general,instr_only,19,mmd_rbf,0.0053803082555532455,128
della_best,candidate,general,instr_only,19,projected_js,0.058694916719105095,128
della_best,candidate,general,instr_only,20,mmd_rbf,0.005662452429533005,128
della_best,candidate,general,instr_only,20,projected_js,0.05844011329463683,128
della_best,candidate,general,instr_only,21,mmd_rbf,0.005908906925469637,128
della_best,candidate,general,instr_only,21,projected_js,0.06176306214183569,128
della_best,candidate,general,instr_only,22,mmd_rbf,0.006127862259745598,128
della_best,candidate,general,instr_only,22,projected_js,0.05949859804240987,128
della_best,candidate,general,instr_only,23,mmd_rbf,0.005942502059042454,128
della_best,candidate,general,instr_only,23,projected_js,0.0598058863542974,128
della_best,candidate,general,instr_only,24,mmd_rbf,0.006216614972800016,128
della_best,candidate,general,instr_only,24,projected_js,0.05732452342635952,128
della_best,candidate,general,instr_only,25,mmd_rbf,0.006362697575241327,128
della_best,candidate,general,instr_only,25,projected_js,0.058839300414547324,128
della_best,candidate,general,instr_only,26,mmd_rbf,0.006591606419533491,128
della_best,candidate,general,instr_only,26,projected_js,0.056896518799476326,128
della_best,candidate,general,instr_only,27,mmd_rbf,0.006675761193037033,128
della_best,candidate,general,instr_only,27,projected_js,0.0597761997487396,128
della_best,candidate,general,instr_only,28,mmd_rbf,0.006288025062531233,128
della_best,candidate,general,instr_only,28,projected_js,0.05974783259443939,128
della_best,candidate,general,instr_only,29,mmd_rbf,0.005985726602375507,128
della_best,candidate,general,instr_only,29,projected_js,0.05670981059665792,128
della_best,candidate,general,instr_only,30,mmd_rbf,0.005762801971286535,128
della_best,candidate,general,instr_only,30,projected_js,0.057927259942516685,128
della_best,candidate,general,instr_only,31,mmd_rbf,0.005803178064525127,128
della_best,candidate,general,instr_only,31,projected_js,0.0574837219028268,128
della_best,candidate,general,instr_only,32,mmd_rbf,0.005777669604867697,128
della_best,candidate,general,instr_only,32,projected_js,0.06263930920977145,128
della_best,candidate,general,instr_only,33,mmd_rbf,0.005657445639371872,128
della_best,candidate,general,instr_only,33,projected_js,0.06070907766115852,128
della_best,candidate,general,instr_only,34,mmd_rbf,0.006521956063807011,128
della_best,candidate,general,instr_only,34,projected_js,0.05751862900797278,128
della_best,candidate,general,instr_only,35,mmd_rbf,0.027523010969161987,128
della_best,candidate,general,instr_only,35,projected_js,0.07256311154924333,128
della_best,candidate,general,reasoning_only,0,mmd_rbf,0.014523393474519253,128
della_best,candidate,general,reasoning_only,0,projected_js,0.06022987869801,128
della_best,candidate,general,reasoning_only,1,mmd_rbf,0.02575518749654293,128
della_best,candidate,general,reasoning_only,1,projected_js,0.07373526669107378,128
della_best,candidate,general,reasoning_only,2,mmd_rbf,0.03164992108941078,128
della_best,candidate,general,reasoning_only,2,projected_js,0.08088050957303494,128
della_best,candidate,general,reasoning_only,3,mmd_rbf,0.03138525411486626,128
della_best,candidate,general,reasoning_only,3,projected_js,0.07907294799224474,128
della_best,candidate,general,reasoning_only,4,mmd_rbf,0.029063094407320023,128
della_best,candidate,general,reasoning_only,4,projected_js,0.08355390682118014,128
della_best,candidate,general,reasoning_only,5,mmd_rbf,0.028096932917833328,128
della_best,candidate,general,reasoning_only,5,projected_js,0.08255809918045998,128
della_best,candidate,general,reasoning_only,6,mmd_rbf,0.01872180961072445,128
della_best,candidate,general,reasoning_only,6,projected_js,0.06766550295287743,128
della_best,candidate,general,reasoning_only,7,mmd_rbf,0.017168203368782997,128
della_best,candidate,general,reasoning_only,7,projected_js,0.06690461636753753,128
della_best,candidate,general,reasoning_only,8,mmd_rbf,0.013153365813195705,128
della_best,candidate,general,reasoning_only,8,projected_js,0.06632209505187348,128
della_best,candidate,general,reasoning_only,9,mmd_rbf,0.012164856307208538,128
della_best,candidate,general,reasoning_only,9,projected_js,0.06599974847631529,128
della_best,candidate,general,reasoning_only,10,mmd_rbf,0.01230322290211916,128
della_best,candidate,general,reasoning_only,10,projected_js,0.06590251316083595,128
della_best,candidate,general,reasoning_only,11,mmd_rbf,0.010971973650157452,128
della_best,candidate,general,reasoning_only,11,projected_js,0.061446309729944915,128
della_best,candidate,general,reasoning_only,12,mmd_rbf,0.01116104330867529,128
della_best,candidate,general,reasoning_only,12,projected_js,0.06528072204673663,128
della_best,candidate,general,reasoning_only,13,mmd_rbf,0.011707808822393417,128
della_best,candidate,general,reasoning_only,13,projected_js,0.06402323266956955,128
della_best,candidate,general,reasoning_only,14,mmd_rbf,0.011982041411101818,128
della_best,candidate,general,reasoning_only,14,projected_js,0.06374528552987613,128
della_best,candidate,general,reasoning_only,15,mmd_rbf,0.013244512490928173,128
della_best,candidate,general,reasoning_only,15,projected_js,0.06797693186672404,128
della_best,candidate,general,reasoning_only,16,mmd_rbf,0.013538464903831482,128
della_best,candidate,general,reasoning_only,16,projected_js,0.06595778343034908,128
della_best,candidate,general,reasoning_only,17,mmd_rbf,0.012750706635415554,128
della_best,candidate,general,reasoning_only,17,projected_js,0.0666706696501933,128
della_best,candidate,general,reasoning_only,18,mmd_rbf,0.014303470961749554,128
della_best,candidate,general,reasoning_only,18,projected_js,0.06582603498827666,128
della_best,candidate,general,reasoning_only,19,mmd_rbf,0.01307998038828373,128
della_best,candidate,general,reasoning_only,19,projected_js,0.0651435979816597,128
della_best,candidate,general,reasoning_only,20,mmd_rbf,0.012986811809241772,128
della_best,candidate,general,reasoning_only,20,projected_js,0.06476261364878155,128
della_best,candidate,general,reasoning_only,21,mmd_rbf,0.01389759685844183,128
della_best,candidate,general,reasoning_only,21,projected_js,0.0727994215558283,128
della_best,candidate,general,reasoning_only,22,mmd_rbf,0.011652195826172829,128
della_best,candidate,general,reasoning_only,22,projected_js,0.06850139945163392,128
della_best,candidate,general,reasoning_only,23,mmd_rbf,0.009506604634225368,128
della_best,candidate,general,reasoning_only,23,projected_js,0.06768107478274032,128
della_best,candidate,general,reasoning_only,24,mmd_rbf,0.009581274352967739,128
della_best,candidate,general,reasoning_only,24,projected_js,0.06237864456488751,128
della_best,candidate,general,reasoning_only,25,mmd_rbf,0.008961391635239124,128
della_best,candidate,general,reasoning_only,25,projected_js,0.0636169743956998,128
della_best,candidate,general,reasoning_only,26,mmd_rbf,0.009020479395985603,128
della_best,candidate,general,reasoning_only,26,projected_js,0.06363776349462569,128
della_best,candidate,general,reasoning_only,27,mmd_rbf,0.008635341189801693,128
della_best,candidate,general,reasoning_only,27,projected_js,0.06136822089320049,128
della_best,candidate,general,reasoning_only,28,mmd_rbf,0.008800421841442585,128
della_best,candidate,general,reasoning_only,28,projected_js,0.06366367620648816,128
della_best,candidate,general,reasoning_only,29,mmd_rbf,0.008718233555555344,128
della_best,candidate,general,reasoning_only,29,projected_js,0.061269281490240246,128
della_best,candidate,general,reasoning_only,30,mmd_rbf,0.008528257720172405,128
della_best,candidate,general,reasoning_only,30,projected_js,0.058225001266691834,128
della_best,candidate,general,reasoning_only,31,mmd_rbf,0.008299002423882484,128
della_best,candidate,general,reasoning_only,31,projected_js,0.060024325211998075,128
della_best,candidate,general,reasoning_only,32,mmd_rbf,0.00827070139348507,128
della_best,candidate,general,reasoning_only,32,projected_js,0.06371693810797296,128
della_best,candidate,general,reasoning_only,33,mmd_rbf,0.008454768918454647,128
della_best,candidate,general,reasoning_only,33,projected_js,0.061493906076066196,128
della_best,candidate,general,reasoning_only,34,mmd_rbf,0.00934079010039568,128
della_best,candidate,general,reasoning_only,34,projected_js,0.06084202218335122,128
della_best,candidate,general,reasoning_only,35,mmd_rbf,0.03981352224946022,128
della_best,candidate,general,reasoning_only,35,projected_js,0.08367201109649613,128
della_best,candidate,general,uncensored_only,0,mmd_rbf,0.007380968425422907,128
della_best,candidate,general,uncensored_only,0,projected_js,0.04150544038566295,128
della_best,candidate,general,uncensored_only,1,mmd_rbf,0.1508621871471405,128
della_best,candidate,general,uncensored_only,1,projected_js,0.1645178932521958,128
della_best,candidate,general,uncensored_only,2,mmd_rbf,0.1269710808992386,128
della_best,candidate,general,uncensored_only,2,projected_js,0.13262700312770903,128
della_best,candidate,general,uncensored_only,3,mmd_rbf,0.09626544266939163,128
della_best,candidate,general,uncensored_only,3,projected_js,0.11867890757275745,128
della_best,candidate,general,uncensored_only,4,mmd_rbf,0.06984126567840576,128
della_best,candidate,general,uncensored_only,4,projected_js,0.1073129849974066,128
della_best,candidate,general,uncensored_only,5,mmd_rbf,0.04734903946518898,128
della_best,candidate,general,uncensored_only,5,projected_js,0.1013165233307518,128
della_best,candidate,general,uncensored_only,6,mmd_rbf,0.02598501555621624,128
della_best,candidate,general,uncensored_only,6,projected_js,0.07799341206555255,128
della_best,candidate,general,uncensored_only,7,mmd_rbf,0.019344588741660118,128
della_best,candidate,general,uncensored_only,7,projected_js,0.07244867115514353,128
della_best,candidate,general,uncensored_only,8,mmd_rbf,0.012914990074932575,128
della_best,candidate,general,uncensored_only,8,projected_js,0.06390509416814893,128
della_best,candidate,general,uncensored_only,9,mmd_rbf,0.010891894809901714,128
della_best,candidate,general,uncensored_only,9,projected_js,0.06107863428769633,128
della_best,candidate,general,uncensored_only,10,mmd_rbf,0.009575968608260155,128
della_best,candidate,general,uncensored_only,10,projected_js,0.06216992897680029,128
della_best,candidate,general,uncensored_only,11,mmd_rbf,0.00848266389220953,128
della_best,candidate,general,uncensored_only,11,projected_js,0.057544139155652374,128
della_best,candidate,general,uncensored_only,12,mmd_rbf,0.008230543695390224,128
della_best,candidate,general,uncensored_only,12,projected_js,0.06164346233708784,128
della_best,candidate,general,uncensored_only,13,mmd_rbf,0.008906270377337933,128
della_best,candidate,general,uncensored_only,13,projected_js,0.06409102474572137,128
della_best,candidate,general,uncensored_only,14,mmd_rbf,0.00871364027261734,128
della_best,candidate,general,uncensored_only,14,projected_js,0.06508386257337406,128
della_best,candidate,general,uncensored_only,15,mmd_rbf,0.010509063489735126,128
della_best,candidate,general,uncensored_only,15,projected_js,0.06203968886984512,128
della_best,candidate,general,uncensored_only,16,mmd_rbf,0.011720210313796997,128
della_best,candidate,general,uncensored_only,16,projected_js,0.0671566678211093,128
della_best,candidate,general,uncensored_only,17,mmd_rbf,0.01106544490903616,128
della_best,candidate,general,uncensored_only,17,projected_js,0.06515968425082974,128
della_best,candidate,general,uncensored_only,18,mmd_rbf,0.011301808059215546,128
della_best,candidate,general,uncensored_only,18,projected_js,0.06335381651297212,128
della_best,candidate,general,uncensored_only,19,mmd_rbf,0.010024059563875198,128
della_best,candidate,general,uncensored_only,19,projected_js,0.06173346214927733,128
della_best,candidate,general,uncensored_only,20,mmd_rbf,0.00958640594035387,128
della_best,candidate,general,uncensored_only,20,projected_js,0.062267424596939236,128
della_best,candidate,general,uncensored_only,21,mmd_rbf,0.01018445659428835,128
della_best,candidate,general,uncensored_only,21,projected_js,0.06707383139291778,128
della_best,candidate,general,uncensored_only,22,mmd_rbf,0.010583586059510708,128
della_best,candidate,general,uncensored_only,22,projected_js,0.06485856382641941,128
della_best,candidate,general,uncensored_only,23,mmd_rbf,0.010042536072432995,128
della_best,candidate,general,uncensored_only,23,projected_js,0.06452931347303092,128
della_best,candidate,general,uncensored_only,24,mmd_rbf,0.01046669203788042,128
della_best,candidate,general,uncensored_only,24,projected_js,0.06771707907319069,128
della_best,candidate,general,uncensored_only,25,mmd_rbf,0.0106521500274539,128
della_best,candidate,general,uncensored_only,25,projected_js,0.06355831725522876,128
della_best,candidate,general,uncensored_only,26,mmd_rbf,0.010901013389229774,128
della_best,candidate,general,uncensored_only,26,projected_js,0.0640339171513915,128
della_best,candidate,general,uncensored_only,27,mmd_rbf,0.011003254912793636,128
della_best,candidate,general,uncensored_only,27,projected_js,0.06458452617516741,128
della_best,candidate,general,uncensored_only,28,mmd_rbf,0.010271337814629078,128
della_best,candidate,general,uncensored_only,28,projected_js,0.06483313662465662,128
della_best,candidate,general,uncensored_only,29,mmd_rbf,0.00993291288614273,128
della_best,candidate,general,uncensored_only,29,projected_js,0.06364757160190493,128
della_best,candidate,general,uncensored_only,30,mmd_rbf,0.009953085333108902,128
della_best,candidate,general,uncensored_only,30,projected_js,0.06182694394374266,128
della_best,candidate,general,uncensored_only,31,mmd_rbf,0.009622066281735897,128
della_best,candidate,general,uncensored_only,31,projected_js,0.06208520208019763,128
della_best,candidate,general,uncensored_only,32,mmd_rbf,0.009357196278870106,128
della_best,candidate,general,uncensored_only,32,projected_js,0.060437160020228475,128
della_best,candidate,general,uncensored_only,33,mmd_rbf,0.009353618137538433,128
della_best,candidate,general,uncensored_only,33,projected_js,0.059056898520793766,128
della_best,candidate,general,uncensored_only,34,mmd_rbf,0.010085447691380978,128
della_best,candidate,general,uncensored_only,34,projected_js,0.06147486245026812,128
della_best,candidate,general,uncensored_only,35,mmd_rbf,0.03892580419778824,128
della_best,candidate,general,uncensored_only,35,projected_js,0.08460249984636903,128
della_best,candidate,instruction,base,0,mmd_rbf,0.004087102599442005,128
della_best,candidate,instruction,base,0,projected_js,0.04705518204718828,128
della_best,candidate,instruction,base,1,mmd_rbf,0.01592935621738434,128
della_best,candidate,instruction,base,1,projected_js,0.06384149251971394,128
della_best,candidate,instruction,base,2,mmd_rbf,0.017184769734740257,128
della_best,candidate,instruction,base,2,projected_js,0.06311376870144159,128
della_best,candidate,instruction,base,3,mmd_rbf,0.017747187986969948,128
della_best,candidate,instruction,base,3,projected_js,0.06825626618228853,128
della_best,candidate,instruction,base,4,mmd_rbf,0.015542635694146156,128
della_best,candidate,instruction,base,4,projected_js,0.07060754438862205,128
della_best,candidate,instruction,base,5,mmd_rbf,0.014341698959469795,128
della_best,candidate,instruction,base,5,projected_js,0.0646028047776781,128
della_best,candidate,instruction,base,6,mmd_rbf,0.011184646748006344,128
della_best,candidate,instruction,base,6,projected_js,0.06385557405883446,128
della_best,candidate,instruction,base,7,mmd_rbf,0.010804361663758755,128
della_best,candidate,instruction,base,7,projected_js,0.06511424342170358,128
della_best,candidate,instruction,base,8,mmd_rbf,0.009479810483753681,128
della_best,candidate,instruction,base,8,projected_js,0.06375668296823278,128
della_best,candidate,instruction,base,9,mmd_rbf,0.010085195302963257,128
della_best,candidate,instruction,base,9,projected_js,0.06529291911283508,128
della_best,candidate,instruction,base,10,mmd_rbf,0.01122960727661848,128
della_best,candidate,instruction,base,10,projected_js,0.06969379330985248,128
della_best,candidate,instruction,base,11,mmd_rbf,0.010979871265590191,128
della_best,candidate,instruction,base,11,projected_js,0.06894508225377649,128
della_best,candidate,instruction,base,12,mmd_rbf,0.010940655134618282,128
della_best,candidate,instruction,base,12,projected_js,0.07048011966980994,128
della_best,candidate,instruction,base,13,mmd_rbf,0.011744078248739243,128
della_best,candidate,instruction,base,13,projected_js,0.06905146344797686,128
della_best,candidate,instruction,base,14,mmd_rbf,0.012621916830539703,128
della_best,candidate,instruction,base,14,projected_js,0.07027962879510596,128
della_best,candidate,instruction,base,15,mmd_rbf,0.013735810294747353,128
della_best,candidate,instruction,base,15,projected_js,0.07534075016155839,128
della_best,candidate,instruction,base,16,mmd_rbf,0.014984572306275368,128
della_best,candidate,instruction,base,16,projected_js,0.06936067022616044,128
della_best,candidate,instruction,base,17,mmd_rbf,0.014804074540734291,128
della_best,candidate,instruction,base,17,projected_js,0.07410542748402804,128
della_best,candidate,instruction,base,18,mmd_rbf,0.016138697043061256,128
della_best,candidate,instruction,base,18,projected_js,0.07735043816501275,128
della_best,candidate,instruction,base,19,mmd_rbf,0.018022147938609123,128
della_best,candidate,instruction,base,19,projected_js,0.07145400944864377,128
della_best,candidate,instruction,base,20,mmd_rbf,0.018203338608145714,128
della_best,candidate,instruction,base,20,projected_js,0.07435611292021349,128
della_best,candidate,instruction,base,21,mmd_rbf,0.019613442942500114,128
della_best,candidate,instruction,base,21,projected_js,0.07751703076064587,128
della_best,candidate,instruction,base,22,mmd_rbf,0.019338281825184822,128
della_best,candidate,instruction,base,22,projected_js,0.07378360076108947,128
della_best,candidate,instruction,base,23,mmd_rbf,0.018062159419059753,128
della_best,candidate,instruction,base,23,projected_js,0.07333225419279188,128
della_best,candidate,instruction,base,24,mmd_rbf,0.016819028183817863,128
della_best,candidate,instruction,base,24,projected_js,0.07382005464751273,128
della_best,candidate,instruction,base,25,mmd_rbf,0.015821395441889763,128
della_best,candidate,instruction,base,25,projected_js,0.06935554649680853,128
della_best,candidate,instruction,base,26,mmd_rbf,0.01527076493948698,128
della_best,candidate,instruction,base,26,projected_js,0.07127310486976057,128
della_best,candidate,instruction,base,27,mmd_rbf,0.014647123403847218,128
della_best,candidate,instruction,base,27,projected_js,0.0703114548814483,128
della_best,candidate,instruction,base,28,mmd_rbf,0.013515494763851166,128
della_best,candidate,instruction,base,28,projected_js,0.06976424192544073,128
della_best,candidate,instruction,base,29,mmd_rbf,0.01278078556060791,128
della_best,candidate,instruction,base,29,projected_js,0.06600539205828682,128
della_best,candidate,instruction,base,30,mmd_rbf,0.012493222951889038,128
della_best,candidate,instruction,base,30,projected_js,0.07100146007724106,128
della_best,candidate,instruction,base,31,mmd_rbf,0.012117356061935425,128
della_best,candidate,instruction,base,31,projected_js,0.06741471023997292,128
della_best,candidate,instruction,base,32,mmd_rbf,0.012542876414954662,128
della_best,candidate,instruction,base,32,projected_js,0.06870827780221589,128
della_best,candidate,instruction,base,33,mmd_rbf,0.012935832142829895,128
della_best,candidate,instruction,base,33,projected_js,0.06976118768216111,128
della_best,candidate,instruction,base,34,mmd_rbf,0.01974874548614025,128
della_best,candidate,instruction,base,34,projected_js,0.07976474793395028,128
della_best,candidate,instruction,base,35,mmd_rbf,0.06784037500619888,128
della_best,candidate,instruction,base,35,projected_js,0.12573400215478614,128
della_best,candidate,instruction,instr_only,0,mmd_rbf,0.0020467012654989958,128
della_best,candidate,instruction,instr_only,0,projected_js,0.03528980544069782,128
della_best,candidate,instruction,instr_only,1,mmd_rbf,0.01251183170825243,128
della_best,candidate,instruction,instr_only,1,projected_js,0.05697788640100043,128
della_best,candidate,instruction,instr_only,2,mmd_rbf,0.013493386097252369,128
della_best,candidate,instruction,instr_only,2,projected_js,0.058360297116450965,128
della_best,candidate,instruction,instr_only,3,mmd_rbf,0.011175527237355709,128
della_best,candidate,instruction,instr_only,3,projected_js,0.056796328542986885,128
della_best,candidate,instruction,instr_only,4,mmd_rbf,0.009715981781482697,128
della_best,candidate,instruction,instr_only,4,projected_js,0.05827041863813065,128
della_best,candidate,instruction,instr_only,5,mmd_rbf,0.008539410308003426,128
della_best,candidate,instruction,instr_only,5,projected_js,0.054488694499013945,128
della_best,candidate,instruction,instr_only,6,mmd_rbf,0.005493634846061468,128
della_best,candidate,instruction,instr_only,6,projected_js,0.05260015824751463,128
della_best,candidate,instruction,instr_only,7,mmd_rbf,0.004900752566754818,128
della_best,candidate,instruction,instr_only,7,projected_js,0.055320318206213415,128
della_best,candidate,instruction,instr_only,8,mmd_rbf,0.004021453205496073,128
della_best,candidate,instruction,instr_only,8,projected_js,0.05713300421484746,128
della_best,candidate,instruction,instr_only,9,mmd_rbf,0.003595707705244422,128
della_best,candidate,instruction,instr_only,9,projected_js,0.0562480605149176,128
della_best,candidate,instruction,instr_only,10,mmd_rbf,0.0038245997857302427,128
della_best,candidate,instruction,instr_only,10,projected_js,0.057788710517343134,128
della_best,candidate,instruction,instr_only,11,mmd_rbf,0.0035664034076035023,128
della_best,candidate,instruction,instr_only,11,projected_js,0.05953024828340858,128
della_best,candidate,instruction,instr_only,12,mmd_rbf,0.003699408145621419,128
della_best,candidate,instruction,instr_only,12,projected_js,0.056938903260743245,128
della_best,candidate,instruction,instr_only,13,mmd_rbf,0.0037354386877268553,128
della_best,candidate,instruction,instr_only,13,projected_js,0.06132296466967091,128
della_best,candidate,instruction,instr_only,14,mmd_rbf,0.0038371682167053223,128
della_best,candidate,instruction,instr_only,14,projected_js,0.057741741999052465,128
della_best,candidate,instruction,instr_only,15,mmd_rbf,0.003957341890782118,128
della_best,candidate,instruction,instr_only,15,projected_js,0.061982143350178376,128
della_best,candidate,instruction,instr_only,16,mmd_rbf,0.004043251276016235,128
della_best,candidate,instruction,instr_only,16,projected_js,0.06127807591110468,128
della_best,candidate,instruction,instr_only,17,mmd_rbf,0.0041627525351941586,128
della_best,candidate,instruction,instr_only,17,projected_js,0.0608600880659651,128
della_best,candidate,instruction,instr_only,18,mmd_rbf,0.004413018003106117,128
della_best,candidate,instruction,instr_only,18,projected_js,0.06303061329526827,128
della_best,candidate,instruction,instr_only,19,mmd_rbf,0.004995100200176239,128
della_best,candidate,instruction,instr_only,19,projected_js,0.06245366745861247,128
della_best,candidate,instruction,instr_only,20,mmd_rbf,0.005430527962744236,128
della_best,candidate,instruction,instr_only,20,projected_js,0.063893590006046,128
della_best,candidate,instruction,instr_only,21,mmd_rbf,0.006157771684229374,128
della_best,candidate,instruction,instr_only,21,projected_js,0.06111532275099307,128
della_best,candidate,instruction,instr_only,22,mmd_rbf,0.006455474533140659,128
della_best,candidate,instruction,instr_only,22,projected_js,0.064931408589473,128
della_best,candidate,instruction,instr_only,23,mmd_rbf,0.006554845254868269,128
della_best,candidate,instruction,instr_only,23,projected_js,0.06387176387943327,128
della_best,candidate,instruction,instr_only,24,mmd_rbf,0.0067965867929160595,128
della_best,candidate,instruction,instr_only,24,projected_js,0.06671178800752386,128
della_best,candidate,instruction,instr_only,25,mmd_rbf,0.006976373493671417,128
della_best,candidate,instruction,instr_only,25,projected_js,0.06518343550851569,128
della_best,candidate,instruction,instr_only,26,mmd_rbf,0.007380410563200712,128
della_best,candidate,instruction,instr_only,26,projected_js,0.06765013438416645,128
della_best,candidate,instruction,instr_only,27,mmd_rbf,0.007484945002943277,128
della_best,candidate,instruction,instr_only,27,projected_js,0.06597929942654446,128
della_best,candidate,instruction,instr_only,28,mmd_rbf,0.007016895804554224,128
della_best,candidate,instruction,instr_only,28,projected_js,0.06495792581699789,128
della_best,candidate,instruction,instr_only,29,mmd_rbf,0.006687044631689787,128
della_best,candidate,instruction,instr_only,29,projected_js,0.06561177619732916,128
della_best,candidate,instruction,instr_only,30,mmd_rbf,0.006596738938242197,128
della_best,candidate,instruction,instr_only,30,projected_js,0.064903786231298,128
della_best,candidate,instruction,instr_only,31,mmd_rbf,0.00662029255181551,128
della_best,candidate,instruction,instr_only,31,projected_js,0.06132582147256471,128
della_best,candidate,instruction,instr_only,32,mmd_rbf,0.006538559682667255,128
della_best,candidate,instruction,instr_only,32,projected_js,0.061580761859659106,128
della_best,candidate,instruction,instr_only,33,mmd_rbf,0.006551370024681091,128
della_best,candidate,instruction,instr_only,33,projected_js,0.06105568216298707,128
della_best,candidate,instruction,instr_only,34,mmd_rbf,0.007627261336892843,128
della_best,candidate,instruction,instr_only,34,projected_js,0.06649968639248982,128
della_best,candidate,instruction,instr_only,35,mmd_rbf,0.026436099782586098,128
della_best,candidate,instruction,instr_only,35,projected_js,0.08475783531321213,128
della_best,candidate,instruction,reasoning_only,0,mmd_rbf,0.006830585189163685,128
della_best,candidate,instruction,reasoning_only,0,projected_js,0.05762352526653558,128
della_best,candidate,instruction,reasoning_only,1,mmd_rbf,0.018585791811347008,128
della_best,candidate,instruction,reasoning_only,1,projected_js,0.06797641111188568,128
della_best,candidate,instruction,reasoning_only,2,mmd_rbf,0.024916285648941994,128
della_best,candidate,instruction,reasoning_only,2,projected_js,0.07585061533609405,128
della_best,candidate,instruction,reasoning_only,3,mmd_rbf,0.02510215900838375,128
della_best,candidate,instruction,reasoning_only,3,projected_js,0.07187793820048682,128
della_best,candidate,instruction,reasoning_only,4,mmd_rbf,0.02512204647064209,128
della_best,candidate,instruction,reasoning_only,4,projected_js,0.08452948124613613,128
della_best,candidate,instruction,reasoning_only,5,mmd_rbf,0.02602304331958294,128
della_best,candidate,instruction,reasoning_only,5,projected_js,0.07960998130147345,128
della_best,candidate,instruction,reasoning_only,6,mmd_rbf,0.018828410655260086,128
della_best,candidate,instruction,reasoning_only,6,projected_js,0.07851408020360395,128
della_best,candidate,instruction,reasoning_only,7,mmd_rbf,0.018316656351089478,128
della_best,candidate,instruction,reasoning_only,7,projected_js,0.07652259047608823,128
della_best,candidate,instruction,reasoning_only,8,mmd_rbf,0.014310847036540508,128
della_best,candidate,instruction,reasoning_only,8,projected_js,0.07436610831064172,128
della_best,candidate,instruction,reasoning_only,9,mmd_rbf,0.013650307431817055,128
della_best,candidate,instruction,reasoning_only,9,projected_js,0.07014337700093165,128
della_best,candidate,instruction,reasoning_only,10,mmd_rbf,0.0149620296433568,128
della_best,candidate,instruction,reasoning_only,10,projected_js,0.0737533233477734,128
della_best,candidate,instruction,reasoning_only,11,mmd_rbf,0.014070413075387478,128
della_best,candidate,instruction,reasoning_only,11,projected_js,0.07129162619821727,128
della_best,candidate,instruction,reasoning_only,12,mmd_rbf,0.014773773960769176,128
della_best,candidate,instruction,reasoning_only,12,projected_js,0.07272039103554562,128
della_best,candidate,instruction,reasoning_only,13,mmd_rbf,0.015708869323134422,128
della_best,candidate,instruction,reasoning_only,13,projected_js,0.07663976645562798,128
della_best,candidate,instruction,reasoning_only,14,mmd_rbf,0.016216427087783813,128
della_best,candidate,instruction,reasoning_only,14,projected_js,0.07719466742128134,128
della_best,candidate,instruction,reasoning_only,15,mmd_rbf,0.017580455169081688,128
della_best,candidate,instruction,reasoning_only,15,projected_js,0.0770387836964801,128
della_best,candidate,instruction,reasoning_only,16,mmd_rbf,0.017891449853777885,128
della_best,candidate,instruction,reasoning_only,16,projected_js,0.0783493074704893,128
della_best,candidate,instruction,reasoning_only,17,mmd_rbf,0.017221996560692787,128
della_best,candidate,instruction,reasoning_only,17,projected_js,0.07652436470380053,128
della_best,candidate,instruction,reasoning_only,18,mmd_rbf,0.019509468227624893,128
della_best,candidate,instruction,reasoning_only,18,projected_js,0.07582457282114774,128
della_best,candidate,instruction,reasoning_only,19,mmd_rbf,0.01982233114540577,128
della_best,candidate,instruction,reasoning_only,19,projected_js,0.07549347641179338,128
della_best,candidate,instruction,reasoning_only,20,mmd_rbf,0.019605910405516624,128
della_best,candidate,instruction,reasoning_only,20,projected_js,0.07393454317934811,128
della_best,candidate,instruction,reasoning_only,21,mmd_rbf,0.020705655217170715,128
della_best,candidate,instruction,reasoning_only,21,projected_js,0.07644691015593708,128
della_best,candidate,instruction,reasoning_only,22,mmd_rbf,0.01898416317999363,128
della_best,candidate,instruction,reasoning_only,22,projected_js,0.07874273235211149,128
della_best,candidate,instruction,reasoning_only,23,mmd_rbf,0.01655689813196659,128
della_best,candidate,instruction,reasoning_only,23,projected_js,0.0783074518549256,128
della_best,candidate,instruction,reasoning_only,24,mmd_rbf,0.016916193068027496,128
della_best,candidate,instruction,reasoning_only,24,projected_js,0.07773123169317842,128
della_best,candidate,instruction,reasoning_only,25,mmd_rbf,0.016309792175889015,128
della_best,candidate,instruction,reasoning_only,25,projected_js,0.07461314147803932,128
della_best,candidate,instruction,reasoning_only,26,mmd_rbf,0.016656015068292618,128
della_best,candidate,instruction,reasoning_only,26,projected_js,0.07589884486515075,128
della_best,candidate,instruction,reasoning_only,27,mmd_rbf,0.01635894551873207,128
della_best,candidate,instruction,reasoning_only,27,projected_js,0.0750228282995522,128
della_best,candidate,instruction,reasoning_only,28,mmd_rbf,0.016474811360239983,128
della_best,candidate,instruction,reasoning_only,28,projected_js,0.07358875166391954,128
della_best,candidate,instruction,reasoning_only,29,mmd_rbf,0.015912843868136406,128
della_best,candidate,instruction,reasoning_only,29,projected_js,0.06957642501220107,128
della_best,candidate,instruction,reasoning_only,30,mmd_rbf,0.016283124685287476,128
della_best,candidate,instruction,reasoning_only,30,projected_js,0.07328412594506517,128
della_best,candidate,instruction,reasoning_only,31,mmd_rbf,0.01593099907040596,128
della_best,candidate,instruction,reasoning_only,31,projected_js,0.07185114815365523,128
della_best,candidate,instruction,reasoning_only,32,mmd_rbf,0.0157256331294775,128
della_best,candidate,instruction,reasoning_only,32,projected_js,0.07120556471636519,128
della_best,candidate,instruction,reasoning_only,33,mmd_rbf,0.015224589966237545,128
della_best,candidate,instruction,reasoning_only,33,projected_js,0.07254853018093854,128
della_best,candidate,instruction,reasoning_only,34,mmd_rbf,0.015935152769088745,128
della_best,candidate,instruction,reasoning_only,34,projected_js,0.07226319384062663,128
della_best,candidate,instruction,reasoning_only,35,mmd_rbf,0.027223486453294754,128
della_best,candidate,instruction,reasoning_only,35,projected_js,0.07936801016330719,128
della_best,candidate,instruction,uncensored_only,0,mmd_rbf,0.005120676942169666,128
della_best,candidate,instruction,uncensored_only,0,projected_js,0.04786466163932346,128
della_best,candidate,instruction,uncensored_only,1,mmd_rbf,0.11890246719121933,128
della_best,candidate,instruction,uncensored_only,1,projected_js,0.14948022121097893,128
della_best,candidate,instruction,uncensored_only,2,mmd_rbf,0.10879762470722198,128
della_best,candidate,instruction,uncensored_only,2,projected_js,0.13526832562638447,128
della_best,candidate,instruction,uncensored_only,3,mmd_rbf,0.08073740452528,128
della_best,candidate,instruction,uncensored_only,3,projected_js,0.11745685056666844,128
della_best,candidate,instruction,uncensored_only,4,mmd_rbf,0.05876150727272034,128
della_best,candidate,instruction,uncensored_only,4,projected_js,0.11243982298765332,128
della_best,candidate,instruction,uncensored_only,5,mmd_rbf,0.04272999241948128,128
della_best,candidate,instruction,uncensored_only,5,projected_js,0.09350879286648706,128
della_best,candidate,instruction,uncensored_only,6,mmd_rbf,0.025263240560889244,128
della_best,candidate,instruction,uncensored_only,6,projected_js,0.08039279421791434,128
della_best,candidate,instruction,uncensored_only,7,mmd_rbf,0.019645823165774345,128
della_best,candidate,instruction,uncensored_only,7,projected_js,0.07572237477870658,128
della_best,candidate,instruction,uncensored_only,8,mmd_rbf,0.013693133369088173,128
della_best,candidate,instruction,uncensored_only,8,projected_js,0.07031236091279425,128
della_best,candidate,instruction,uncensored_only,9,mmd_rbf,0.01164209097623825,128
della_best,candidate,instruction,uncensored_only,9,projected_js,0.06543681299081072,128
della_best,candidate,instruction,uncensored_only,10,mmd_rbf,0.010599423199892044,128
della_best,candidate,instruction,uncensored_only,10,projected_js,0.06379366785404272,128
della_best,candidate,instruction,uncensored_only,11,mmd_rbf,0.008987445384263992,128
della_best,candidate,instruction,uncensored_only,11,projected_js,0.06667525685043074,128
della_best,candidate,instruction,uncensored_only,12,mmd_rbf,0.008826197125017643,128
della_best,candidate,instruction,uncensored_only,12,projected_js,0.06504252273589373,128
della_best,candidate,instruction,uncensored_only,13,mmd_rbf,0.009172131307423115,128
della_best,candidate,instruction,uncensored_only,13,projected_js,0.06793394940905273,128
della_best,candidate,instruction,uncensored_only,14,mmd_rbf,0.009525122120976448,128
della_best,candidate,instruction,uncensored_only,14,projected_js,0.06929312087595463,128
della_best,candidate,instruction,uncensored_only,15,mmd_rbf,0.011087543331086636,128
della_best,candidate,instruction,uncensored_only,15,projected_js,0.06929280236363411,128
della_best,candidate,instruction,uncensored_only,16,mmd_rbf,0.011763299815356731,128
della_best,candidate,instruction,uncensored_only,16,projected_js,0.06889841478550807,128
della_best,candidate,instruction,uncensored_only,17,mmd_rbf,0.011553975753486156,128
della_best,candidate,instruction,uncensored_only,17,projected_js,0.06771554745500907,128
della_best,candidate,instruction,uncensored_only,18,mmd_rbf,0.011643306352198124,128
della_best,candidate,instruction,uncensored_only,18,projected_js,0.07126291579334065,128
della_best,candidate,instruction,uncensored_only,19,mmd_rbf,0.011003580875694752,128
della_best,candidate,instruction,uncensored_only,19,projected_js,0.06917665735818446,128
della_best,candidate,instruction,uncensored_only,20,mmd_rbf,0.011081335134804249,128
della_best,candidate,instruction,uncensored_only,20,projected_js,0.06975835387129337,128
della_best,candidate,instruction,uncensored_only,21,mmd_rbf,0.011966326273977757,128
della_best,candidate,instruction,uncensored_only,21,projected_js,0.06716626440174878,128
della_best,candidate,instruction,uncensored_only,22,mmd_rbf,0.012856759130954742,128
della_best,candidate,instruction,uncensored_only,22,projected_js,0.07134779921034351,128
della_best,candidate,instruction,uncensored_only,23,mmd_rbf,0.012637193314731121,128
della_best,candidate,instruction,uncensored_only,23,projected_js,0.07258604071103036,128
della_best,candidate,instruction,uncensored_only,24,mmd_rbf,0.013810194097459316,128
della_best,candidate,instruction,uncensored_only,24,projected_js,0.07091231318190694,128
della_best,candidate,instruction,uncensored_only,25,mmd_rbf,0.01439213752746582,128
della_best,candidate,instruction,uncensored_only,25,projected_js,0.0728903582203202,128
della_best,candidate,instruction,uncensored_only,26,mmd_rbf,0.014656203798949718,128
della_best,candidate,instruction,uncensored_only,26,projected_js,0.072298486426007,128
della_best,candidate,instruction,uncensored_only,27,mmd_rbf,0.01460268534719944,128
della_best,candidate,instruction,uncensored_only,27,projected_js,0.07325902627781034,128
della_best,candidate,instruction,uncensored_only,28,mmd_rbf,0.013199922628700733,128
della_best,candidate,instruction,uncensored_only,28,projected_js,0.07137204185710289,128
della_best,candidate,instruction,uncensored_only,29,mmd_rbf,0.012503573670983315,128
della_best,candidate,instruction,uncensored_only,29,projected_js,0.07190990442177281,128
della_best,candidate,instruction,uncensored_only,30,mmd_rbf,0.012635715305805206,128
della_best,candidate,instruction,uncensored_only,30,projected_js,0.07068771729245782,128
della_best,candidate,instruction,uncensored_only,31,mmd_rbf,0.012321977876126766,128
della_best,candidate,instruction,uncensored_only,31,projected_js,0.06763772660633549,128
della_best,candidate,instruction,uncensored_only,32,mmd_rbf,0.012077105231583118,128
della_best,candidate,instruction,uncensored_only,32,projected_js,0.06922666580067016,128
della_best,candidate,instruction,uncensored_only,33,mmd_rbf,0.012054136954247952,128
della_best,candidate,instruction,uncensored_only,33,projected_js,0.06866480867029168,128
della_best,candidate,instruction,uncensored_only,34,mmd_rbf,0.0130380904302001,128
della_best,candidate,instruction,uncensored_only,34,projected_js,0.07204968121368438,128
della_best,candidate,instruction,uncensored_only,35,mmd_rbf,0.03346558287739754,128
della_best,candidate,instruction,uncensored_only,35,projected_js,0.08144788857316598,128
della_best,candidate,reasoning,base,0,mmd_rbf,0.0025569498538970947,128
della_best,candidate,reasoning,base,0,projected_js,0.045806241483660415,128
della_best,candidate,reasoning,base,1,mmd_rbf,0.010002607479691505,128
della_best,candidate,reasoning,base,1,projected_js,0.05206092953449115,128
della_best,candidate,reasoning,base,2,mmd_rbf,0.010988127440214157,128
della_best,candidate,reasoning,base,2,projected_js,0.055539571796543896,128
della_best,candidate,reasoning,base,3,mmd_rbf,0.010758248157799244,128
della_best,candidate,reasoning,base,3,projected_js,0.05843166427803226,128
della_best,candidate,reasoning,base,4,mmd_rbf,0.01033756136894226,128
della_best,candidate,reasoning,base,4,projected_js,0.05676877393852919,128
della_best,candidate,reasoning,base,5,mmd_rbf,0.008559580892324448,128
della_best,candidate,reasoning,base,5,projected_js,0.05888570594834164,128
della_best,candidate,reasoning,base,6,mmd_rbf,0.006422984879463911,128
della_best,candidate,reasoning,base,6,projected_js,0.05831510334974155,128
della_best,candidate,reasoning,base,7,mmd_rbf,0.006287605967372656,128
della_best,candidate,reasoning,base,7,projected_js,0.05742529145209119,128
della_best,candidate,reasoning,base,8,mmd_rbf,0.0057935467921197414,128
della_best,candidate,reasoning,base,8,projected_js,0.05600909242639318,128
della_best,candidate,reasoning,base,9,mmd_rbf,0.005909954663366079,128
della_best,candidate,reasoning,base,9,projected_js,0.05968076642602682,128
della_best,candidate,reasoning,base,10,mmd_rbf,0.006387659814208746,128
della_best,candidate,reasoning,base,10,projected_js,0.05555054597789422,128
della_best,candidate,reasoning,base,11,mmd_rbf,0.006181182339787483,128
della_best,candidate,reasoning,base,11,projected_js,0.05863533780211583,128
della_best,candidate,reasoning,base,12,mmd_rbf,0.006547755096107721,128
della_best,candidate,reasoning,base,12,projected_js,0.06069254194153473,128
della_best,candidate,reasoning,base,13,mmd_rbf,0.006622925400733948,128
della_best,candidate,reasoning,base,13,projected_js,0.06193884351523593,128
della_best,candidate,reasoning,base,14,mmd_rbf,0.006886640097945929,128
della_best,candidate,reasoning,base,14,projected_js,0.06039847867214121,128
della_best,candidate,reasoning,base,15,mmd_rbf,0.007405728101730347,128
della_best,candidate,reasoning,base,15,projected_js,0.05961598822614178,128
della_best,candidate,reasoning,base,16,mmd_rbf,0.008194397203624249,128
della_best,candidate,reasoning,base,16,projected_js,0.060439536115154624,128
della_best,candidate,reasoning,base,17,mmd_rbf,0.008108041249215603,128
della_best,candidate,reasoning,base,17,projected_js,0.056956476939376444,128
della_best,candidate,reasoning,base,18,mmd_rbf,0.008646572008728981,128
della_best,candidate,reasoning,base,18,projected_js,0.06209043215494603,128
della_best,candidate,reasoning,base,19,mmd_rbf,0.009289615787565708,128
della_best,candidate,reasoning,base,19,projected_js,0.06582794414134696,128
della_best,candidate,reasoning,base,20,mmd_rbf,0.009144093841314316,128
della_best,candidate,reasoning,base,20,projected_js,0.06357615010347217,128
della_best,candidate,reasoning,base,21,mmd_rbf,0.009459927678108215,128
della_best,candidate,reasoning,base,21,projected_js,0.06228582005132921,128
della_best,candidate,reasoning,base,22,mmd_rbf,0.008968875743448734,128
della_best,candidate,reasoning,base,22,projected_js,0.0644324081367813,128
della_best,candidate,reasoning,base,23,mmd_rbf,0.008632089011371136,128
della_best,candidate,reasoning,base,23,projected_js,0.05657308013178408,128
della_best,candidate,reasoning,base,24,mmd_rbf,0.007926471531391144,128
della_best,candidate,reasoning,base,24,projected_js,0.059607410919852555,128
della_best,candidate,reasoning,base,25,mmd_rbf,0.007540326099842787,128
della_best,candidate,reasoning,base,25,projected_js,0.062463817244861275,128
della_best,candidate,reasoning,base,26,mmd_rbf,0.0073556299321353436,128
della_best,candidate,reasoning,base,26,projected_js,0.05958643206395209,128
della_best,candidate,reasoning,base,27,mmd_rbf,0.007307387422770262,128
della_best,candidate,reasoning,base,27,projected_js,0.0656161502120085,128
della_best,candidate,reasoning,base,28,mmd_rbf,0.007330164313316345,128
della_best,candidate,reasoning,base,28,projected_js,0.06324821396265179,128
della_best,candidate,reasoning,base,29,mmd_rbf,0.00742809334769845,128
della_best,candidate,reasoning,base,29,projected_js,0.06321486551314592,128
della_best,candidate,reasoning,base,30,mmd_rbf,0.007422336842864752,128
della_best,candidate,reasoning,base,30,projected_js,0.0625080619356595,128
della_best,candidate,reasoning,base,31,mmd_rbf,0.0073335724882781506,128
della_best,candidate,reasoning,base,31,projected_js,0.05940332394675352,128
della_best,candidate,reasoning,base,32,mmd_rbf,0.007853709161281586,128
della_best,candidate,reasoning,base,32,projected_js,0.061629875213839114,128
della_best,candidate,reasoning,base,33,mmd_rbf,0.008282013237476349,128
della_best,candidate,reasoning,base,33,projected_js,0.06270144606241956,128
della_best,candidate,reasoning,base,34,mmd_rbf,0.011907312087714672,128
della_best,candidate,reasoning,base,34,projected_js,0.0666094854241237,128
della_best,candidate,reasoning,base,35,mmd_rbf,0.05171851068735123,128
della_best,candidate,reasoning,base,35,projected_js,0.09824601619038731,128
della_best,candidate,reasoning,instr_only,0,mmd_rbf,0.0011610448127612472,128
della_best,candidate,reasoning,instr_only,0,projected_js,0.03243528353050351,128
della_best,candidate,reasoning,instr_only,1,mmd_rbf,0.007090731058269739,128
della_best,candidate,reasoning,instr_only,1,projected_js,0.046284089621622115,128
della_best,candidate,reasoning,instr_only,2,mmd_rbf,0.008110997267067432,128
della_best,candidate,reasoning,instr_only,2,projected_js,0.05153337653609924,128
della_best,candidate,reasoning,instr_only,3,mmd_rbf,0.0067216455936431885,128
della_best,candidate,reasoning,instr_only,3,projected_js,0.04754024202702567,128
della_best,candidate,reasoning,instr_only,4,mmd_rbf,0.005181303713470697,128
della_best,candidate,reasoning,instr_only,4,projected_js,0.04820220579858869,128
della_best,candidate,reasoning,instr_only,5,mmd_rbf,0.0039592161774635315,128
della_best,candidate,reasoning,instr_only,5,projected_js,0.046003697003470734,128
della_best,candidate,reasoning,instr_only,6,mmd_rbf,0.0026116594672203064,128
della_best,candidate,reasoning,instr_only,6,projected_js,0.046882556518539786,128
della_best,candidate,reasoning,instr_only,7,mmd_rbf,0.0025352181401103735,128
della_best,candidate,reasoning,instr_only,7,projected_js,0.04944812526809983,128
della_best,candidate,reasoning,instr_only,8,mmd_rbf,0.0020871483720839024,128
della_best,candidate,reasoning,instr_only,8,projected_js,0.048742712460807525,128
della_best,candidate,reasoning,instr_only,9,mmd_rbf,0.0019646217115223408,128
della_best,candidate,reasoning,instr_only,9,projected_js,0.04697678337106481,128
della_best,candidate,reasoning,instr_only,10,mmd_rbf,0.0020574056543409824,128
della_best,candidate,reasoning,instr_only,10,projected_js,0.048911291611148044,128
della_best,candidate,reasoning,instr_only,11,mmd_rbf,0.0019169561564922333,128
della_best,candidate,reasoning,instr_only,11,projected_js,0.04757529083872214,128
della_best,candidate,reasoning,instr_only,12,mmd_rbf,0.0021420696284621954,128
della_best,candidate,reasoning,instr_only,12,projected_js,0.051428414561087266,128
della_best,candidate,reasoning,instr_only,13,mmd_rbf,0.0022647641599178314,128
della_best,candidate,reasoning,instr_only,13,projected_js,0.05145944410469383,128
della_best,candidate,reasoning,instr_only,14,mmd_rbf,0.002322722924873233,128
della_best,candidate,reasoning,instr_only,14,projected_js,0.05291614081943408,128
della_best,candidate,reasoning,instr_only,15,mmd_rbf,0.0025948695838451385,128
della_best,candidate,reasoning,instr_only,15,projected_js,0.05375856618047692,128
della_best,candidate,reasoning,instr_only,16,mmd_rbf,0.0026858982164412737,128
della_best,candidate,reasoning,instr_only,16,projected_js,0.05325212830211967,128
della_best,candidate,reasoning,instr_only,17,mmd_rbf,0.002805167343467474,128
della_best,candidate,reasoning,instr_only,17,projected_js,0.05414535425370559,128
della_best,candidate,reasoning,instr_only,18,mmd_rbf,0.0028802340384572744,128
della_best,candidate,reasoning,instr_only,18,projected_js,0.05448279285337776,128
della_best,candidate,reasoning,instr_only,19,mmd_rbf,0.003105062758550048,128
della_best,candidate,reasoning,instr_only,19,projected_js,0.053937834803946316,128
della_best,candidate,reasoning,instr_only,20,mmd_rbf,0.0032541844993829727,128
della_best,candidate,reasoning,instr_only,20,projected_js,0.05487163143698126,128
della_best,candidate,reasoning,instr_only,21,mmd_rbf,0.0033514804672449827,128
della_best,candidate,reasoning,instr_only,21,projected_js,0.05583076586481184,128
della_best,candidate,reasoning,instr_only,22,mmd_rbf,0.003392085898667574,128
della_best,candidate,reasoning,instr_only,22,projected_js,0.05190760860568844,128
della_best,candidate,reasoning,instr_only,23,mmd_rbf,0.003187543246895075,128
della_best,candidate,reasoning,instr_only,23,projected_js,0.053224793227855116,128
della_best,candidate,reasoning,instr_only,24,mmd_rbf,0.003149831434711814,128
della_best,candidate,reasoning,instr_only,24,projected_js,0.05319117847830057,128
della_best,candidate,reasoning,instr_only,25,mmd_rbf,0.0030945059843361378,128
della_best,candidate,reasoning,instr_only,25,projected_js,0.053834092745091766,128
della_best,candidate,reasoning,instr_only,26,mmd_rbf,0.003095132065936923,128
della_best,candidate,reasoning,instr_only,26,projected_js,0.0565156304219272,128
della_best,candidate,reasoning,instr_only,27,mmd_rbf,0.00318947178311646,128
della_best,candidate,reasoning,instr_only,27,projected_js,0.05483658117009327,128
della_best,candidate,reasoning,instr_only,28,mmd_rbf,0.0031982988584786654,128
della_best,candidate,reasoning,instr_only,28,projected_js,0.05390940810320899,128
della_best,candidate,reasoning,instr_only,29,mmd_rbf,0.0032057352364063263,128
della_best,candidate,reasoning,instr_only,29,projected_js,0.05683801183477044,128
della_best,candidate,reasoning,instr_only,30,mmd_rbf,0.003334892215207219,128
della_best,candidate,reasoning,instr_only,30,projected_js,0.053272545483196154,128
della_best,candidate,reasoning,instr_only,31,mmd_rbf,0.00354553759098053,128
della_best,candidate,reasoning,instr_only,31,projected_js,0.05720832501538098,128
della_best,candidate,reasoning,instr_only,32,mmd_rbf,0.0036053673829883337,128
della_best,candidate,reasoning,instr_only,32,projected_js,0.055538291635457426,128
della_best,candidate,reasoning,instr_only,33,mmd_rbf,0.0037741423584520817,128
della_best,candidate,reasoning,instr_only,33,projected_js,0.056485227250959724,128
della_best,candidate,reasoning,instr_only,34,mmd_rbf,0.004439006093889475,128
della_best,candidate,reasoning,instr_only,34,projected_js,0.055584417073987424,128
della_best,candidate,reasoning,instr_only,35,mmd_rbf,0.018533727154135704,128
della_best,candidate,reasoning,instr_only,35,projected_js,0.06674264825414866,128
della_best,candidate,reasoning,reasoning_only,0,mmd_rbf,0.0041330307722091675,128
della_best,candidate,reasoning,reasoning_only,0,projected_js,0.048276564688421786,128
della_best,candidate,reasoning,reasoning_only,1,mmd_rbf,0.010870694182813168,128
della_best,candidate,reasoning,reasoning_only,1,projected_js,0.06034662667661905,128
della_best,candidate,reasoning,reasoning_only,2,mmd_rbf,0.016496241092681885,128
della_best,candidate,reasoning,reasoning_only,2,projected_js,0.0676122295553796,128
della_best,candidate,reasoning,reasoning_only,3,mmd_rbf,0.01863773912191391,128
della_best,candidate,reasoning,reasoning_only,3,projected_js,0.06795679993228987,128
della_best,candidate,reasoning,reasoning_only,4,mmd_rbf,0.016854291781783104,128
della_best,candidate,reasoning,reasoning_only,4,projected_js,0.06873543965048157,128
della_best,candidate,reasoning,reasoning_only,5,mmd_rbf,0.015453231520950794,128
della_best,candidate,reasoning,reasoning_only,5,projected_js,0.0683064826298505,128
della_best,candidate,reasoning,reasoning_only,6,mmd_rbf,0.011288085021078587,128
della_best,candidate,reasoning,reasoning_only,6,projected_js,0.06430428178282455,128
della_best,candidate,reasoning,reasoning_only,7,mmd_rbf,0.011796473525464535,128
della_best,candidate,reasoning,reasoning_only,7,projected_js,0.06561137951212004,128
della_best,candidate,reasoning,reasoning_only,8,mmd_rbf,0.010363972745835781,128
della_best,candidate,reasoning,reasoning_only,8,projected_js,0.06108230058453046,128
della_best,candidate,reasoning,reasoning_only,9,mmd_rbf,0.0102668022736907,128
della_best,candidate,reasoning,reasoning_only,9,projected_js,0.06626584776677191,128
della_best,candidate,reasoning,reasoning_only,10,mmd_rbf,0.010650716722011566,128
della_best,candidate,reasoning,reasoning_only,10,projected_js,0.0648993700160645,128
della_best,candidate,reasoning,reasoning_only,11,mmd_rbf,0.009947086684405804,128
della_best,candidate,reasoning,reasoning_only,11,projected_js,0.06471467536175624,128
della_best,candidate,reasoning,reasoning_only,12,mmd_rbf,0.010017800144851208,128
della_best,candidate,reasoning,reasoning_only,12,projected_js,0.06506817010813393,128
della_best,candidate,reasoning,reasoning_only,13,mmd_rbf,0.010367288254201412,128
della_best,candidate,reasoning,reasoning_only,13,projected_js,0.06834136520046741,128
della_best,candidate,reasoning,reasoning_only,14,mmd_rbf,0.01051998045295477,128
della_best,candidate,reasoning,reasoning_only,14,projected_js,0.06367148394929245,128
della_best,candidate,reasoning,reasoning_only,15,mmd_rbf,0.011766157113015652,128
della_best,candidate,reasoning,reasoning_only,15,projected_js,0.06556677297339775,128
della_best,candidate,reasoning,reasoning_only,16,mmd_rbf,0.011976244859397411,128
della_best,candidate,reasoning,reasoning_only,16,projected_js,0.06737220077775419,128
della_best,candidate,reasoning,reasoning_only,17,mmd_rbf,0.011253054253757,128
della_best,candidate,reasoning,reasoning_only,17,projected_js,0.06483341692364775,128
della_best,candidate,reasoning,reasoning_only,18,mmd_rbf,0.012545076198875904,128
della_best,candidate,reasoning,reasoning_only,18,projected_js,0.06415770461899228,128
della_best,candidate,reasoning,reasoning_only,19,mmd_rbf,0.011652878485620022,128
della_best,candidate,reasoning,reasoning_only,19,projected_js,0.06805820087902248,128
della_best,candidate,reasoning,reasoning_only,20,mmd_rbf,0.01122874952852726,128
della_best,candidate,reasoning,reasoning_only,20,projected_js,0.06774526310618967,128
della_best,candidate,reasoning,reasoning_only,21,mmd_rbf,0.011721886694431305,128
della_best,candidate,reasoning,reasoning_only,21,projected_js,0.06736320297932252,128
della_best,candidate,reasoning,reasoning_only,22,mmd_rbf,0.00997999869287014,128
della_best,candidate,reasoning,reasoning_only,22,projected_js,0.06546429631998762,128
della_best,candidate,reasoning,reasoning_only,23,mmd_rbf,0.008153202943503857,128
della_best,candidate,reasoning,reasoning_only,23,projected_js,0.06461132544791326,128
della_best,candidate,reasoning,reasoning_only,24,mmd_rbf,0.007879383862018585,128
della_best,candidate,reasoning,reasoning_only,24,projected_js,0.05993367382325232,128
della_best,candidate,reasoning,reasoning_only,25,mmd_rbf,0.007172736804932356,128
della_best,candidate,reasoning,reasoning_only,25,projected_js,0.06082627997966483,128
della_best,candidate,reasoning,reasoning_only,26,mmd_rbf,0.006830948870629072,128
della_best,candidate,reasoning,reasoning_only,26,projected_js,0.06016304105287418,128
della_best,candidate,reasoning,reasoning_only,27,mmd_rbf,0.006697550415992737,128
della_best,candidate,reasoning,reasoning_only,27,projected_js,0.05929833519621752,128
della_best,candidate,reasoning,reasoning_only,28,mmd_rbf,0.0069372341968119144,128
della_best,candidate,reasoning,reasoning_only,28,projected_js,0.063602030655602,128
della_best,candidate,reasoning,reasoning_only,29,mmd_rbf,0.006949476897716522,128
della_best,candidate,reasoning,reasoning_only,29,projected_js,0.06057655776385218,128
della_best,candidate,reasoning,reasoning_only,30,mmd_rbf,0.007273925933986902,128
della_best,candidate,reasoning,reasoning_only,30,projected_js,0.06409387401072308,128
della_best,candidate,reasoning,reasoning_only,31,mmd_rbf,0.007416121661663055,128
della_best,candidate,reasoning,reasoning_only,31,projected_js,0.061796532245352864,128
della_best,candidate,reasoning,reasoning_only,32,mmd_rbf,0.00748469540849328,128
della_best,candidate,reasoning,reasoning_only,32,projected_js,0.06245312694227323,128
della_best,candidate,reasoning,reasoning_only,33,mmd_rbf,0.007854267954826355,128
della_best,candidate,reasoning,reasoning_only,33,projected_js,0.06079744471935555,128
della_best,candidate,reasoning,reasoning_only,34,mmd_rbf,0.009027731604874134,128
della_best,candidate,reasoning,reasoning_only,34,projected_js,0.06115771451732144,128
della_best,candidate,reasoning,reasoning_only,35,mmd_rbf,0.0372721329331398,128
della_best,candidate,reasoning,reasoning_only,35,projected_js,0.0847716981661506,128
della_best,candidate,reasoning,uncensored_only,0,mmd_rbf,0.002759575843811035,128
della_best,candidate,reasoning,uncensored_only,0,projected_js,0.03684433639864437,128
della_best,candidate,reasoning,uncensored_only,1,mmd_rbf,0.07343373447656631,128
della_best,candidate,reasoning,uncensored_only,1,projected_js,0.11503820956568234,128
della_best,candidate,reasoning,uncensored_only,2,mmd_rbf,0.0720013901591301,128
della_best,candidate,reasoning,uncensored_only,2,projected_js,0.10524769243784249,128
della_best,candidate,reasoning,uncensored_only,3,mmd_rbf,0.053789179772138596,128
della_best,candidate,reasoning,uncensored_only,3,projected_js,0.09484152315417305,128
della_best,candidate,reasoning,uncensored_only,4,mmd_rbf,0.03611940145492554,128
della_best,candidate,reasoning,uncensored_only,4,projected_js,0.08818049676483497,128
della_best,candidate,reasoning,uncensored_only,5,mmd_rbf,0.023068027570843697,128
della_best,candidate,reasoning,uncensored_only,5,projected_js,0.07739682187093422,128
della_best,candidate,reasoning,uncensored_only,6,mmd_rbf,0.013589486479759216,128
della_best,candidate,reasoning,uncensored_only,6,projected_js,0.0636322419741191,128
della_best,candidate,reasoning,uncensored_only,7,mmd_rbf,0.011638483963906765,128
della_best,candidate,reasoning,uncensored_only,7,projected_js,0.0676729655242525,128
della_best,candidate,reasoning,uncensored_only,8,mmd_rbf,0.008968518115580082,128
della_best,candidate,reasoning,uncensored_only,8,projected_js,0.06073263450525701,128
della_best,candidate,reasoning,uncensored_only,9,mmd_rbf,0.007858364842832088,128
della_best,candidate,reasoning,uncensored_only,9,projected_js,0.06146789120975882,128
della_best,candidate,reasoning,uncensored_only,10,mmd_rbf,0.007223574910312891,128
della_best,candidate,reasoning,uncensored_only,10,projected_js,0.05812821607105434,128
della_best,candidate,reasoning,uncensored_only,11,mmd_rbf,0.006287397351115942,128
della_best,candidate,reasoning,uncensored_only,11,projected_js,0.061988036206457764,128
della_best,candidate,reasoning,uncensored_only,12,mmd_rbf,0.0061432174406945705,128
della_best,candidate,reasoning,uncensored_only,12,projected_js,0.059874026133911684,128
della_best,candidate,reasoning,uncensored_only,13,mmd_rbf,0.006377486977726221,128
della_best,candidate,reasoning,uncensored_only,13,projected_js,0.06218933599302545,128
della_best,candidate,reasoning,uncensored_only,14,mmd_rbf,0.006606477778404951,128
della_best,candidate,reasoning,uncensored_only,14,projected_js,0.05874374069389887,128
della_best,candidate,reasoning,uncensored_only,15,mmd_rbf,0.00775515241548419,128
della_best,candidate,reasoning,uncensored_only,15,projected_js,0.06237569364020601,128
della_best,candidate,reasoning,uncensored_only,16,mmd_rbf,0.008536181412637234,128
della_best,candidate,reasoning,uncensored_only,16,projected_js,0.05962823244044557,128
della_best,candidate,reasoning,uncensored_only,17,mmd_rbf,0.008474252186715603,128
della_best,candidate,reasoning,uncensored_only,17,projected_js,0.06191236787708476,128
della_best,candidate,reasoning,uncensored_only,18,mmd_rbf,0.008537422865629196,128
della_best,candidate,reasoning,uncensored_only,18,projected_js,0.06389783226768486,128
della_best,candidate,reasoning,uncensored_only,19,mmd_rbf,0.008068208582699299,128
della_best,candidate,reasoning,uncensored_only,19,projected_js,0.06139687082031742,128
della_best,candidate,reasoning,uncensored_only,20,mmd_rbf,0.007951135747134686,128
della_best,candidate,reasoning,uncensored_only,20,projected_js,0.06199334375560284,128
della_best,candidate,reasoning,uncensored_only,21,mmd_rbf,0.008346241898834705,128
della_best,candidate,reasoning,uncensored_only,21,projected_js,0.062212800374254584,128
della_best,candidate,reasoning,uncensored_only,22,mmd_rbf,0.008399358950555325,128
della_best,candidate,reasoning,uncensored_only,22,projected_js,0.0625721188262105,128
della_best,candidate,reasoning,uncensored_only,23,mmd_rbf,0.008119809441268444,128
della_best,candidate,reasoning,uncensored_only,23,projected_js,0.06362208220525645,128
della_best,candidate,reasoning,uncensored_only,24,mmd_rbf,0.00814036000519991,128
della_best,candidate,reasoning,uncensored_only,24,projected_js,0.06450978299835697,128
della_best,candidate,reasoning,uncensored_only,25,mmd_rbf,0.00819158274680376,128
della_best,candidate,reasoning,uncensored_only,25,projected_js,0.06422311090864241,128
della_best,candidate,reasoning,uncensored_only,26,mmd_rbf,0.008183464407920837,128
della_best,candidate,reasoning,uncensored_only,26,projected_js,0.0642435114714317,128
della_best,candidate,reasoning,uncensored_only,27,mmd_rbf,0.008340220898389816,128
della_best,candidate,reasoning,uncensored_only,27,projected_js,0.06574915157398209,128
della_best,candidate,reasoning,uncensored_only,28,mmd_rbf,0.008033358491957188,128
della_best,candidate,reasoning,uncensored_only,28,projected_js,0.06451062171254307,128
della_best,candidate,reasoning,uncensored_only,29,mmd_rbf,0.008132417686283588,128
della_best,candidate,reasoning,uncensored_only,29,projected_js,0.06396604666952044,128
della_best,candidate,reasoning,uncensored_only,30,mmd_rbf,0.008407321758568287,128
della_best,candidate,reasoning,uncensored_only,30,projected_js,0.062467285548336804,128
della_best,candidate,reasoning,uncensored_only,31,mmd_rbf,0.008495107293128967,128
della_best,candidate,reasoning,uncensored_only,31,projected_js,0.0617672796943225,128
della_best,candidate,reasoning,uncensored_only,32,mmd_rbf,0.00855122972279787,128
della_best,candidate,reasoning,uncensored_only,32,projected_js,0.06397129828110337,128
della_best,candidate,reasoning,uncensored_only,33,mmd_rbf,0.008729848079383373,128
della_best,candidate,reasoning,uncensored_only,33,projected_js,0.06308332289336249,128
della_best,candidate,reasoning,uncensored_only,34,mmd_rbf,0.009209959767758846,128
della_best,candidate,reasoning,uncensored_only,34,projected_js,0.06176873092772439,128
della_best,candidate,reasoning,uncensored_only,35,mmd_rbf,0.02366124466061592,128
della_best,candidate,reasoning,uncensored_only,35,projected_js,0.07329485920490697,128
della_best,candidate,uncensored_refusal_like,base,0,mmd_rbf,0.011504799127578735,128
della_best,candidate,uncensored_refusal_like,base,0,projected_js,0.05886701843701303,128
della_best,candidate,uncensored_refusal_like,base,1,mmd_rbf,0.03643010929226875,128
della_best,candidate,uncensored_refusal_like,base,1,projected_js,0.08826758770737797,128
della_best,candidate,uncensored_refusal_like,base,2,mmd_rbf,0.03911759331822395,128
della_best,candidate,uncensored_refusal_like,base,2,projected_js,0.08157148404279724,128
della_best,candidate,uncensored_refusal_like,base,3,mmd_rbf,0.047572653740644455,128
della_best,candidate,uncensored_refusal_like,base,3,projected_js,0.09777945722453296,128
della_best,candidate,uncensored_refusal_like,base,4,mmd_rbf,0.04270722344517708,128
della_best,candidate,uncensored_refusal_like,base,4,projected_js,0.09348047449020669,128
della_best,candidate,uncensored_refusal_like,base,5,mmd_rbf,0.039317138493061066,128
della_best,candidate,uncensored_refusal_like,base,5,projected_js,0.09024232486262918,128
della_best,candidate,uncensored_refusal_like,base,6,mmd_rbf,0.03087739460170269,128
della_best,candidate,uncensored_refusal_like,base,6,projected_js,0.08103032101644203,128
della_best,candidate,uncensored_refusal_like,base,7,mmd_rbf,0.028315046802163124,128
della_best,candidate,uncensored_refusal_like,base,7,projected_js,0.07572464301483706,128
della_best,candidate,uncensored_refusal_like,base,8,mmd_rbf,0.024859881028532982,128
della_best,candidate,uncensored_refusal_like,base,8,projected_js,0.07798244035802782,128
della_best,candidate,uncensored_refusal_like,base,9,mmd_rbf,0.02776232361793518,128
della_best,candidate,uncensored_refusal_like,base,9,projected_js,0.08070205157855526,128
della_best,candidate,uncensored_refusal_like,base,10,mmd_rbf,0.029465854167938232,128
della_best,candidate,uncensored_refusal_like,base,10,projected_js,0.08285877370508388,128
della_best,candidate,uncensored_refusal_like,base,11,mmd_rbf,0.03162145987153053,128
della_best,candidate,uncensored_refusal_like,base,11,projected_js,0.08519358886405826,128
della_best,candidate,uncensored_refusal_like,base,12,mmd_rbf,0.03471032902598381,128
della_best,candidate,uncensored_refusal_like,base,12,projected_js,0.08627809316385537,128
della_best,candidate,uncensored_refusal_like,base,13,mmd_rbf,0.03873489424586296,128
della_best,candidate,uncensored_refusal_like,base,13,projected_js,0.09214113582856953,128
della_best,candidate,uncensored_refusal_like,base,14,mmd_rbf,0.04132896661758423,128
della_best,candidate,uncensored_refusal_like,base,14,projected_js,0.08902519347611815,128
della_best,candidate,uncensored_refusal_like,base,15,mmd_rbf,0.04338176175951958,128
della_best,candidate,uncensored_refusal_like,base,15,projected_js,0.08618439140263945,128
della_best,candidate,uncensored_refusal_like,base,16,mmd_rbf,0.0448552742600441,128
della_best,candidate,uncensored_refusal_like,base,16,projected_js,0.08468953473493457,128
della_best,candidate,uncensored_refusal_like,base,17,mmd_rbf,0.04524559527635574,128
della_best,candidate,uncensored_refusal_like,base,17,projected_js,0.09083233517594635,128
della_best,candidate,uncensored_refusal_like,base,18,mmd_rbf,0.04683680459856987,128
della_best,candidate,uncensored_refusal_like,base,18,projected_js,0.09169092524098232,128
della_best,candidate,uncensored_refusal_like,base,19,mmd_rbf,0.0467832051217556,128
della_best,candidate,uncensored_refusal_like,base,19,projected_js,0.09215280105127022,128
della_best,candidate,uncensored_refusal_like,base,20,mmd_rbf,0.05487629398703575,128
della_best,candidate,uncensored_refusal_like,base,20,projected_js,0.09433081204770133,128
della_best,candidate,uncensored_refusal_like,base,21,mmd_rbf,0.05928533151745796,128
della_best,candidate,uncensored_refusal_like,base,21,projected_js,0.09257635322865099,128
della_best,candidate,uncensored_refusal_like,base,22,mmd_rbf,0.06200125440955162,128
della_best,candidate,uncensored_refusal_like,base,22,projected_js,0.10405523329973221,128
della_best,candidate,uncensored_refusal_like,base,23,mmd_rbf,0.060784608125686646,128
della_best,candidate,uncensored_refusal_like,base,23,projected_js,0.10414202196989208,128
della_best,candidate,uncensored_refusal_like,base,24,mmd_rbf,0.058655865490436554,128
della_best,candidate,uncensored_refusal_like,base,24,projected_js,0.10988231230294332,128
della_best,candidate,uncensored_refusal_like,base,25,mmd_rbf,0.05749499797821045,128
della_best,candidate,uncensored_refusal_like,base,25,projected_js,0.10189347778214142,128
della_best,candidate,uncensored_refusal_like,base,26,mmd_rbf,0.057930588722229004,128
della_best,candidate,uncensored_refusal_like,base,26,projected_js,0.10325195197947323,128
della_best,candidate,uncensored_refusal_like,base,27,mmd_rbf,0.05834254249930382,128
della_best,candidate,uncensored_refusal_like,base,27,projected_js,0.11346580437384546,128
della_best,candidate,uncensored_refusal_like,base,28,mmd_rbf,0.05650941655039787,128
della_best,candidate,uncensored_refusal_like,base,28,projected_js,0.11483149399282411,128
della_best,candidate,uncensored_refusal_like,base,29,mmd_rbf,0.05315970256924629,128
della_best,candidate,uncensored_refusal_like,base,29,projected_js,0.10632334998808801,128
della_best,candidate,uncensored_refusal_like,base,30,mmd_rbf,0.05392838642001152,128
della_best,candidate,uncensored_refusal_like,base,30,projected_js,0.10678967839339748,128
della_best,candidate,uncensored_refusal_like,base,31,mmd_rbf,0.05344853550195694,128
della_best,candidate,uncensored_refusal_like,base,31,projected_js,0.10155115980887786,128
della_best,candidate,uncensored_refusal_like,base,32,mmd_rbf,0.053725339472293854,128
della_best,candidate,uncensored_refusal_like,base,32,projected_js,0.0987779408460483,128
della_best,candidate,uncensored_refusal_like,base,33,mmd_rbf,0.051932644098997116,128
della_best,candidate,uncensored_refusal_like,base,33,projected_js,0.10530846973415464,128
della_best,candidate,uncensored_refusal_like,base,34,mmd_rbf,0.06768007576465607,128
della_best,candidate,uncensored_refusal_like,base,34,projected_js,0.11786254507023841,128
della_best,candidate,uncensored_refusal_like,base,35,mmd_rbf,0.16039858758449554,128
della_best,candidate,uncensored_refusal_like,base,35,projected_js,0.19411735894391313,128
della_best,candidate,uncensored_refusal_like,instr_only,0,mmd_rbf,0.0059816837310791016,128
della_best,candidate,uncensored_refusal_like,instr_only,0,projected_js,0.047381225958815776,128
della_best,candidate,uncensored_refusal_like,instr_only,1,mmd_rbf,0.028453463688492775,128
della_best,candidate,uncensored_refusal_like,instr_only,1,projected_js,0.08084557281108573,128
della_best,candidate,uncensored_refusal_like,instr_only,2,mmd_rbf,0.03217288851737976,128
della_best,candidate,uncensored_refusal_like,instr_only,2,projected_js,0.07887562131509185,128
della_best,candidate,uncensored_refusal_like,instr_only,3,mmd_rbf,0.028023719787597656,128
della_best,candidate,uncensored_refusal_like,instr_only,3,projected_js,0.07609946944285184,128
della_best,candidate,uncensored_refusal_like,instr_only,4,mmd_rbf,0.024569472298026085,128
della_best,candidate,uncensored_refusal_like,instr_only,4,projected_js,0.0769428889034316,128
della_best,candidate,uncensored_refusal_like,instr_only,5,mmd_rbf,0.020517906174063683,128
della_best,candidate,uncensored_refusal_like,instr_only,5,projected_js,0.07131144223967567,128
della_best,candidate,uncensored_refusal_like,instr_only,6,mmd_rbf,0.013876776210963726,128
della_best,candidate,uncensored_refusal_like,instr_only,6,projected_js,0.06496914179297164,128
della_best,candidate,uncensored_refusal_like,instr_only,7,mmd_rbf,0.011321301572024822,128
della_best,candidate,uncensored_refusal_like,instr_only,7,projected_js,0.06715768491267227,128
della_best,candidate,uncensored_refusal_like,instr_only,8,mmd_rbf,0.008390585891902447,128
della_best,candidate,uncensored_refusal_like,instr_only,8,projected_js,0.06135721626924351,128
della_best,candidate,uncensored_refusal_like,instr_only,9,mmd_rbf,0.007619084324687719,128
della_best,candidate,uncensored_refusal_like,instr_only,9,projected_js,0.06348445650655776,128
della_best,candidate,uncensored_refusal_like,instr_only,10,mmd_rbf,0.007814804092049599,128
della_best,candidate,uncensored_refusal_like,instr_only,10,projected_js,0.06357227481203154,128
della_best,candidate,uncensored_refusal_like,instr_only,11,mmd_rbf,0.007504450622946024,128
della_best,candidate,uncensored_refusal_like,instr_only,11,projected_js,0.06260403443593532,128
della_best,candidate,uncensored_refusal_like,instr_only,12,mmd_rbf,0.00837451871484518,128
della_best,candidate,uncensored_refusal_like,instr_only,12,projected_js,0.06395337637513876,128
della_best,candidate,uncensored_refusal_like,instr_only,13,mmd_rbf,0.00861482322216034,128
della_best,candidate,uncensored_refusal_like,instr_only,13,projected_js,0.062080513685941696,128
della_best,candidate,uncensored_refusal_like,instr_only,14,mmd_rbf,0.008664777502417564,128
della_best,candidate,uncensored_refusal_like,instr_only,14,projected_js,0.06297012779396027,128
della_best,candidate,uncensored_refusal_like,instr_only,15,mmd_rbf,0.009111661463975906,128
della_best,candidate,uncensored_refusal_like,instr_only,15,projected_js,0.06864377850433812,128
della_best,candidate,uncensored_refusal_like,instr_only,16,mmd_rbf,0.009763087145984173,128
della_best,candidate,uncensored_refusal_like,instr_only,16,projected_js,0.06464792572660372,128
della_best,candidate,uncensored_refusal_like,instr_only,17,mmd_rbf,0.010202069766819477,128
della_best,candidate,uncensored_refusal_like,instr_only,17,projected_js,0.06527911842567846,128
della_best,candidate,uncensored_refusal_like,instr_only,18,mmd_rbf,0.01128688920289278,128
della_best,candidate,uncensored_refusal_like,instr_only,18,projected_js,0.06633749656612054,128
della_best,candidate,uncensored_refusal_like,instr_only,19,mmd_rbf,0.012349157594144344,128
della_best,candidate,uncensored_refusal_like,instr_only,19,projected_js,0.07158547238213941,128
della_best,candidate,uncensored_refusal_like,instr_only,20,mmd_rbf,0.013657181523740292,128
della_best,candidate,uncensored_refusal_like,instr_only,20,projected_js,0.07202668761601672,128
della_best,candidate,uncensored_refusal_like,instr_only,21,mmd_rbf,0.015458381734788418,128
della_best,candidate,uncensored_refusal_like,instr_only,21,projected_js,0.06458632176509127,128
della_best,candidate,uncensored_refusal_like,instr_only,22,mmd_rbf,0.016698455438017845,128
della_best,candidate,uncensored_refusal_like,instr_only,22,projected_js,0.07428870734293014,128
della_best,candidate,uncensored_refusal_like,instr_only,23,mmd_rbf,0.01680833473801613,128
della_best,candidate,uncensored_refusal_like,instr_only,23,projected_js,0.07160697691142559,128
della_best,candidate,uncensored_refusal_like,instr_only,24,mmd_rbf,0.018882794305682182,128
della_best,candidate,uncensored_refusal_like,instr_only,24,projected_js,0.07429680458153598,128
della_best,candidate,uncensored_refusal_like,instr_only,25,mmd_rbf,0.020273301750421524,128
della_best,candidate,uncensored_refusal_like,instr_only,25,projected_js,0.07763382775010541,128
della_best,candidate,uncensored_refusal_like,instr_only,26,mmd_rbf,0.021661074832081795,128
della_best,candidate,uncensored_refusal_like,instr_only,26,projected_js,0.07841831771656871,128
della_best,candidate,uncensored_refusal_like,instr_only,27,mmd_rbf,0.022353991866111755,128
della_best,candidate,uncensored_refusal_like,instr_only,27,projected_js,0.07491347915492952,128
della_best,candidate,uncensored_refusal_like,instr_only,28,mmd_rbf,0.021899376064538956,128
della_best,candidate,uncensored_refusal_like,instr_only,28,projected_js,0.08033294562483206,128
della_best,candidate,uncensored_refusal_like,instr_only,29,mmd_rbf,0.021003451198339462,128
della_best,candidate,uncensored_refusal_like,instr_only,29,projected_js,0.08069621282629669,128
della_best,candidate,uncensored_refusal_like,instr_only,30,mmd_rbf,0.021250667050480843,128
della_best,candidate,uncensored_refusal_like,instr_only,30,projected_js,0.07687454065307975,128
della_best,candidate,uncensored_refusal_like,instr_only,31,mmd_rbf,0.0213959701359272,128
della_best,candidate,uncensored_refusal_like,instr_only,31,projected_js,0.0732875696849078,128
della_best,candidate,uncensored_refusal_like,instr_only,32,mmd_rbf,0.02192007564008236,128
della_best,candidate,uncensored_refusal_like,instr_only,32,projected_js,0.07734619750408456,128
della_best,candidate,uncensored_refusal_like,instr_only,33,mmd_rbf,0.021483806893229485,128
della_best,candidate,uncensored_refusal_like,instr_only,33,projected_js,0.07965255290037021,128
della_best,candidate,uncensored_refusal_like,instr_only,34,mmd_rbf,0.02417943999171257,128
della_best,candidate,uncensored_refusal_like,instr_only,34,projected_js,0.08392176462803036,128
della_best,candidate,uncensored_refusal_like,instr_only,35,mmd_rbf,0.06228138878941536,128
della_best,candidate,uncensored_refusal_like,instr_only,35,projected_js,0.1159852811251767,128
della_best,candidate,uncensored_refusal_like,reasoning_only,0,mmd_rbf,0.02132353186607361,128
della_best,candidate,uncensored_refusal_like,reasoning_only,0,projected_js,0.08777110424125567,128
della_best,candidate,uncensored_refusal_like,reasoning_only,1,mmd_rbf,0.04373611882328987,128
della_best,candidate,uncensored_refusal_like,reasoning_only,1,projected_js,0.10413449152838439,128
della_best,candidate,uncensored_refusal_like,reasoning_only,2,mmd_rbf,0.0557439811527729,128
della_best,candidate,uncensored_refusal_like,reasoning_only,2,projected_js,0.10870439914287999,128
della_best,candidate,uncensored_refusal_like,reasoning_only,3,mmd_rbf,0.057978641241788864,128
della_best,candidate,uncensored_refusal_like,reasoning_only,3,projected_js,0.10544054576894268,128
della_best,candidate,uncensored_refusal_like,reasoning_only,4,mmd_rbf,0.05958780646324158,128
della_best,candidate,uncensored_refusal_like,reasoning_only,4,projected_js,0.12303836731007323,128
della_best,candidate,uncensored_refusal_like,reasoning_only,5,mmd_rbf,0.062245406210422516,128
della_best,candidate,uncensored_refusal_like,reasoning_only,5,projected_js,0.12909333012066782,128
della_best,candidate,uncensored_refusal_like,reasoning_only,6,mmd_rbf,0.04494860768318176,128
della_best,candidate,uncensored_refusal_like,reasoning_only,6,projected_js,0.10008026333525777,128
della_best,candidate,uncensored_refusal_like,reasoning_only,7,mmd_rbf,0.04040386527776718,128
della_best,candidate,uncensored_refusal_like,reasoning_only,7,projected_js,0.10194841254269704,128
della_best,candidate,uncensored_refusal_like,reasoning_only,8,mmd_rbf,0.03151759132742882,128
della_best,candidate,uncensored_refusal_like,reasoning_only,8,projected_js,0.08866662986110896,128
della_best,candidate,uncensored_refusal_like,reasoning_only,9,mmd_rbf,0.030250703915953636,128
della_best,candidate,uncensored_refusal_like,reasoning_only,9,projected_js,0.08428604679647833,128
della_best,candidate,uncensored_refusal_like,reasoning_only,10,mmd_rbf,0.03082706592977047,128
della_best,candidate,uncensored_refusal_like,reasoning_only,10,projected_js,0.09045588545268402,128
della_best,candidate,uncensored_refusal_like,reasoning_only,11,mmd_rbf,0.029393529519438744,128
della_best,candidate,uncensored_refusal_like,reasoning_only,11,projected_js,0.08452228200621903,128
della_best,candidate,uncensored_refusal_like,reasoning_only,12,mmd_rbf,0.03281356766819954,128
della_best,candidate,uncensored_refusal_like,reasoning_only,12,projected_js,0.08742222259752452,128
della_best,candidate,uncensored_refusal_like,reasoning_only,13,mmd_rbf,0.03599490970373154,128
della_best,candidate,uncensored_refusal_like,reasoning_only,13,projected_js,0.09295594820287079,128
della_best,candidate,uncensored_refusal_like,reasoning_only,14,mmd_rbf,0.036464933305978775,128
della_best,candidate,uncensored_refusal_like,reasoning_only,14,projected_js,0.08517707383725792,128
della_best,candidate,uncensored_refusal_like,reasoning_only,15,mmd_rbf,0.038426924496889114,128
della_best,candidate,uncensored_refusal_like,reasoning_only,15,projected_js,0.08800960710505024,128
della_best,candidate,uncensored_refusal_like,reasoning_only,16,mmd_rbf,0.03825785964727402,128
della_best,candidate,uncensored_refusal_like,reasoning_only,16,projected_js,0.08745566761353984,128
della_best,candidate,uncensored_refusal_like,reasoning_only,17,mmd_rbf,0.03759024292230606,128
della_best,candidate,uncensored_refusal_like,reasoning_only,17,projected_js,0.08541819988749921,128
della_best,candidate,uncensored_refusal_like,reasoning_only,18,mmd_rbf,0.04407000169157982,128
della_best,candidate,uncensored_refusal_like,reasoning_only,18,projected_js,0.0895207395660691,128
della_best,candidate,uncensored_refusal_like,reasoning_only,19,mmd_rbf,0.0426131933927536,128
della_best,candidate,uncensored_refusal_like,reasoning_only,19,projected_js,0.09026061941403896,128
della_best,candidate,uncensored_refusal_like,reasoning_only,20,mmd_rbf,0.04345610737800598,128
della_best,candidate,uncensored_refusal_like,reasoning_only,20,projected_js,0.08680074120638892,128
della_best,candidate,uncensored_refusal_like,reasoning_only,21,mmd_rbf,0.04561750590801239,128
della_best,candidate,uncensored_refusal_like,reasoning_only,21,projected_js,0.09129794070031494,128
della_best,candidate,uncensored_refusal_like,reasoning_only,22,mmd_rbf,0.043853726238012314,128
della_best,candidate,uncensored_refusal_like,reasoning_only,22,projected_js,0.09540432429639623,128
della_best,candidate,uncensored_refusal_like,reasoning_only,23,mmd_rbf,0.03862762823700905,128
della_best,candidate,uncensored_refusal_like,reasoning_only,23,projected_js,0.0926241836277768,128
della_best,candidate,uncensored_refusal_like,reasoning_only,24,mmd_rbf,0.0420072041451931,128
della_best,candidate,uncensored_refusal_like,reasoning_only,24,projected_js,0.09573536866810173,128
della_best,candidate,uncensored_refusal_like,reasoning_only,25,mmd_rbf,0.04101942852139473,128
della_best,candidate,uncensored_refusal_like,reasoning_only,25,projected_js,0.08846655237721279,128
della_best,candidate,uncensored_refusal_like,reasoning_only,26,mmd_rbf,0.043112508952617645,128
della_best,candidate,uncensored_refusal_like,reasoning_only,26,projected_js,0.08916929317638278,128
della_best,candidate,uncensored_refusal_like,reasoning_only,27,mmd_rbf,0.04488236829638481,128
della_best,candidate,uncensored_refusal_like,reasoning_only,27,projected_js,0.08894148317631334,128
della_best,candidate,uncensored_refusal_like,reasoning_only,28,mmd_rbf,0.0466453917324543,128
della_best,candidate,uncensored_refusal_like,reasoning_only,28,projected_js,0.0966491803410463,128
della_best,candidate,uncensored_refusal_like,reasoning_only,29,mmd_rbf,0.04503989592194557,128
della_best,candidate,uncensored_refusal_like,reasoning_only,29,projected_js,0.09604875720106065,128
della_best,candidate,uncensored_refusal_like,reasoning_only,30,mmd_rbf,0.04797885939478874,128
della_best,candidate,uncensored_refusal_like,reasoning_only,30,projected_js,0.10044631862547249,128
della_best,candidate,uncensored_refusal_like,reasoning_only,31,mmd_rbf,0.04744133725762367,128
della_best,candidate,uncensored_refusal_like,reasoning_only,31,projected_js,0.09714226954383776,128
della_best,candidate,uncensored_refusal_like,reasoning_only,32,mmd_rbf,0.04751090332865715,128
della_best,candidate,uncensored_refusal_like,reasoning_only,32,projected_js,0.09775665105553344,128
della_best,candidate,uncensored_refusal_like,reasoning_only,33,mmd_rbf,0.0464138388633728,128
della_best,candidate,uncensored_refusal_like,reasoning_only,33,projected_js,0.0948788943933323,128
della_best,candidate,uncensored_refusal_like,reasoning_only,34,mmd_rbf,0.05084928870201111,128
della_best,candidate,uncensored_refusal_like,reasoning_only,34,projected_js,0.09674267855007201,128
della_best,candidate,uncensored_refusal_like,reasoning_only,35,mmd_rbf,0.0716635137796402,128
della_best,candidate,uncensored_refusal_like,reasoning_only,35,projected_js,0.11647312244167551,128
della_best,candidate,uncensored_refusal_like,uncensored_only,0,mmd_rbf,0.013451921753585339,128
della_best,candidate,uncensored_refusal_like,uncensored_only,0,projected_js,0.0662553775619017,128
della_best,candidate,uncensored_refusal_like,uncensored_only,1,mmd_rbf,0.21389253437519073,128
della_best,candidate,uncensored_refusal_like,uncensored_only,1,projected_js,0.24872204835992306,128
della_best,candidate,uncensored_refusal_like,uncensored_only,2,mmd_rbf,0.19362379610538483,128
della_best,candidate,uncensored_refusal_like,uncensored_only,2,projected_js,0.2106627908651717,128
della_best,candidate,uncensored_refusal_like,uncensored_only,3,mmd_rbf,0.1546849012374878,128
della_best,candidate,uncensored_refusal_like,uncensored_only,3,projected_js,0.1662140260450542,128
della_best,candidate,uncensored_refusal_like,uncensored_only,4,mmd_rbf,0.12377212196588516,128
della_best,candidate,uncensored_refusal_like,uncensored_only,4,projected_js,0.1672444046707824,128
della_best,candidate,uncensored_refusal_like,uncensored_only,5,mmd_rbf,0.0921538770198822,128
della_best,candidate,uncensored_refusal_like,uncensored_only,5,projected_js,0.15091655019205064,128
della_best,candidate,uncensored_refusal_like,uncensored_only,6,mmd_rbf,0.056176330894231796,128
della_best,candidate,uncensored_refusal_like,uncensored_only,6,projected_js,0.1119763285969384,128
della_best,candidate,uncensored_refusal_like,uncensored_only,7,mmd_rbf,0.04125655069947243,128
della_best,candidate,uncensored_refusal_like,uncensored_only,7,projected_js,0.09815142658771947,128
della_best,candidate,uncensored_refusal_like,uncensored_only,8,mmd_rbf,0.029403185471892357,128
della_best,candidate,uncensored_refusal_like,uncensored_only,8,projected_js,0.08360625233035535,128
della_best,candidate,uncensored_refusal_like,uncensored_only,9,mmd_rbf,0.025734012946486473,128
della_best,candidate,uncensored_refusal_like,uncensored_only,9,projected_js,0.07702491141390055,128
della_best,candidate,uncensored_refusal_like,uncensored_only,10,mmd_rbf,0.02196262590587139,128
della_best,candidate,uncensored_refusal_like,uncensored_only,10,projected_js,0.07466610881965607,128
della_best,candidate,uncensored_refusal_like,uncensored_only,11,mmd_rbf,0.018983248621225357,128
della_best,candidate,uncensored_refusal_like,uncensored_only,11,projected_js,0.0690674158395268,128
della_best,candidate,uncensored_refusal_like,uncensored_only,12,mmd_rbf,0.01973605528473854,128
della_best,candidate,uncensored_refusal_like,uncensored_only,12,projected_js,0.07576030626660213,128
della_best,candidate,uncensored_refusal_like,uncensored_only,13,mmd_rbf,0.020754961296916008,128
della_best,candidate,uncensored_refusal_like,uncensored_only,13,projected_js,0.0739429501700215,128
della_best,candidate,uncensored_refusal_like,uncensored_only,14,mmd_rbf,0.02095445990562439,128
della_best,candidate,uncensored_refusal_like,uncensored_only,14,projected_js,0.07374407339375466,128
della_best,candidate,uncensored_refusal_like,uncensored_only,15,mmd_rbf,0.025107229128479958,128
della_best,candidate,uncensored_refusal_like,uncensored_only,15,projected_js,0.0851469911285676,128
della_best,candidate,uncensored_refusal_like,uncensored_only,16,mmd_rbf,0.026722729206085205,128
della_best,candidate,uncensored_refusal_like,uncensored_only,16,projected_js,0.07409127289429307,128
della_best,candidate,uncensored_refusal_like,uncensored_only,17,mmd_rbf,0.027761388570070267,128
della_best,candidate,uncensored_refusal_like,uncensored_only,17,projected_js,0.07743244210723788,128
della_best,candidate,uncensored_refusal_like,uncensored_only,18,mmd_rbf,0.029107922688126564,128
della_best,candidate,uncensored_refusal_like,uncensored_only,18,projected_js,0.08073630143189803,128
della_best,candidate,uncensored_refusal_like,uncensored_only,19,mmd_rbf,0.02712319605052471,128
della_best,candidate,uncensored_refusal_like,uncensored_only,19,projected_js,0.08138664290891029,128
della_best,candidate,uncensored_refusal_like,uncensored_only,20,mmd_rbf,0.028007302433252335,128
della_best,candidate,uncensored_refusal_like,uncensored_only,20,projected_js,0.07727798394626006,128
della_best,candidate,uncensored_refusal_like,uncensored_only,21,mmd_rbf,0.031091822311282158,128
della_best,candidate,uncensored_refusal_like,uncensored_only,21,projected_js,0.08023119252175093,128
della_best,candidate,uncensored_refusal_like,uncensored_only,22,mmd_rbf,0.03262390196323395,128
della_best,candidate,uncensored_refusal_like,uncensored_only,22,projected_js,0.08311859422246926,128
della_best,candidate,uncensored_refusal_like,uncensored_only,23,mmd_rbf,0.032438065856695175,128
della_best,candidate,uncensored_refusal_like,uncensored_only,23,projected_js,0.08375125477323309,128
della_best,candidate,uncensored_refusal_like,uncensored_only,24,mmd_rbf,0.03644183278083801,128
della_best,candidate,uncensored_refusal_like,uncensored_only,24,projected_js,0.0851834614877589,128
della_best,candidate,uncensored_refusal_like,uncensored_only,25,mmd_rbf,0.039236195385456085,128
della_best,candidate,uncensored_refusal_like,uncensored_only,25,projected_js,0.08969372039427981,128
della_best,candidate,uncensored_refusal_like,uncensored_only,26,mmd_rbf,0.04037800058722496,128
della_best,candidate,uncensored_refusal_like,uncensored_only,26,projected_js,0.08662420732434839,128
della_best,candidate,uncensored_refusal_like,uncensored_only,27,mmd_rbf,0.041557345539331436,128
della_best,candidate,uncensored_refusal_like,uncensored_only,27,projected_js,0.0909028779133223,128
della_best,candidate,uncensored_refusal_like,uncensored_only,28,mmd_rbf,0.04059488698840141,128
della_best,candidate,uncensored_refusal_like,uncensored_only,28,projected_js,0.10154048871481791,128
della_best,candidate,uncensored_refusal_like,uncensored_only,29,mmd_rbf,0.03894078731536865,128
della_best,candidate,uncensored_refusal_like,uncensored_only,29,projected_js,0.09719600901007652,128
della_best,candidate,uncensored_refusal_like,uncensored_only,30,mmd_rbf,0.04170907661318779,128
della_best,candidate,uncensored_refusal_like,uncensored_only,30,projected_js,0.09548863105010241,128
della_best,candidate,uncensored_refusal_like,uncensored_only,31,mmd_rbf,0.04107930138707161,128
della_best,candidate,uncensored_refusal_like,uncensored_only,31,projected_js,0.09027451067231596,128
della_best,candidate,uncensored_refusal_like,uncensored_only,32,mmd_rbf,0.04094370827078819,128
della_best,candidate,uncensored_refusal_like,uncensored_only,32,projected_js,0.08876457443693653,128
della_best,candidate,uncensored_refusal_like,uncensored_only,33,mmd_rbf,0.040456049144268036,128
della_best,candidate,uncensored_refusal_like,uncensored_only,33,projected_js,0.08926708289072849,128
della_best,candidate,uncensored_refusal_like,uncensored_only,34,mmd_rbf,0.04330621287226677,128
della_best,candidate,uncensored_refusal_like,uncensored_only,34,projected_js,0.09471146162832156,128
della_best,candidate,uncensored_refusal_like,uncensored_only,35,mmd_rbf,0.0749526098370552,128
della_best,candidate,uncensored_refusal_like,uncensored_only,35,projected_js,0.11476099514402449,128
